ward_id,ward_name,zone,month,day_of_month,is_festival_window,festival_intensity,complaint_intensity,crowd_index,weather_risk,wpi
W005,E,South,5,10,0,0.06,80,88,16,36
W009,G/S,Central,4,18,0,0.05,47,91,54,32
W015,M/E,East,11,23,1,0.7,127,133,58,59
W022,R/S,West,9,20,0,0.11,30,105,23,29
W015,M/E,East,6,17,0,0.1,52,91,12,30
W010,H/E,West,1,8,0,0.07,88,91,12,38
W024,T,East,10,19,1,0.7,135,180,23,68
W007,F/S,South,4,5,0,0.1,94,60,50,36
W017,N,East,7,12,0,0.06,79,94,33,39
W019,P/S,West,11,17,0,0.15,49,90,24,30
W006,F/N,Central,2,27,0,0.01,75,65,47,33
W009,G/S,Central,12,8,0,0.05,46,91,30,30
W024,T,East,2,5,0,0.09,78,67,35,33
W003,C,South,8,26,1,0.95,108,210,54,70
W005,E,South,8,4,1,0.95,144,110,30,56
W017,N,East,4,25,0,0.01,30,54,58,21
W014,L,East,11,11,1,0.7,161,121,34,62
W004,D,South,5,3,0,0.13,42,102,12,30
W010,H/E,West,4,26,0,0.15,95,107,26,44
W002,B,South,11,21,1,0.95,78,173,10,52
W001,A,South,6,8,0,0.12,95,85,10,39
W024,T,East,6,16,0,0.11,41,54,12,20
W016,M/W,East,6,15,0,0.03,62,68,47,31
W020,R/C,West,6,19,0,0.13,71,91,41,37
W005,E,South,6,6,0,0.04,68,93,20,35
W011,H/W,West,2,5,0,0.14,47,50,42,23
W022,R/S,West,3,5,1,0.85,63,140,45,45
W001,A,South,11,27,0,0.11,97,87,34,41
W015,M/E,East,10,14,1,0.7,65,153,50,48
W024,T,East,3,11,1,0.7,99,90,53,44
W009,G/S,Central,8,16,0,0.08,65,77,25,31
W012,K/E,West,1,2,0,0.0,77,88,36,37
W010,H/E,West,4,25,0,0.02,54,61,16,25
W021,R/N,West,12,23,0,0.03,79,84,28,36
W020,R/C,West,8,26,1,0.85,176,140,19,69
W013,K/W,West,10,4,1,0.85,137,165,55,67
W012,K/E,West,1,13,0,0.07,71,50,54,30
W023,S,East,6,3,0,0.07,81,66,33,33
W012,K/E,West,5,5,0,0.1,43,103,23,32
W023,S,East,9,28,1,0.7,136,145,42,62
W003,C,South,3,1,0,0.07,48,100,47,34
W003,C,South,5,6,0,0.02,86,74,60,38
W016,M/W,East,4,7,0,0.01,44,53,32,22
W022,R/S,West,5,8,0,0.02,31,76,11,23
W003,C,South,12,12,0,0.08,75,76,59,36
W003,C,South,5,15,0,0.08,42,61,30,23
W008,G/N,Central,8,27,1,0.9,120,166,26,62
W012,K/E,West,3,19,1,0.85,84,99,45,42
W002,B,South,9,18,1,0.95,118,176,17,63
W020,R/C,West,4,3,0,0.14,94,85,19,39
W008,G/N,Central,8,18,1,0.9,178,163,11,73
W014,L,East,9,24,0,0.05,87,68,29,35
W007,F/S,South,9,3,1,0.95,189,132,31,71
W016,M/W,East,9,15,1,0.7,82,117,59,46
W015,M/E,East,10,28,1,0.7,115,148,26,57
W022,R/S,West,7,5,0,0.11,66,53,21,27
W020,R/C,West,5,27,0,0.11,76,104,16,39
W002,B,South,6,19,0,0.04,80,71,51,36
W018,P/N,West,8,8,0,0.14,99,53,32,35
W010,H/E,West,4,15,0,0.05,66,81,50,34
W005,E,South,1,26,0,0.1,60,69,59,31
W022,R/S,West,4,26,0,0.11,77,67,14,31
W018,P/N,West,10,7,0,0.05,89,56,17,32
W010,H/E,West,2,9,0,0.03,37,69,13,23
W011,H/W,West,9,16,1,0.85,133,125,49,58
W019,P/S,West,4,20,0,0.1,59,104,46,37
W022,R/S,West,8,24,1,0.85,158,116,54,62
W021,R/N,West,5,5,0,0.09,41,57,27,22
W014,L,East,11,3,1,0.7,117,163,35,61
W024,T,East,9,15,1,0.7,78,149,25,49
W002,B,South,8,25,1,0.95,72,170,19,51
W009,G/S,Central,9,13,0,0.07,84,100,19,40
W009,G/S,Central,2,20,0,0.11,62,51,12,25
W024,T,East,7,6,0,0.08,49,87,21,30
W011,H/W,West,6,1,0,0.03,26,58,34,20
W009,G/S,Central,4,5,0,0.15,85,108,13,41
W010,H/E,West,3,4,0,0.05,87,71,29,35
W016,M/W,East,9,10,1,0.7,124,131,52,58
W003,C,South,1,16,0,0.05,79,78,59,37
W013,K/W,West,6,24,0,0.11,31,59,27,20
W021,R/N,West,5,13,0,0.1,81,55,41,32
W006,F/N,Central,11,20,1,0.9,55,159,26,46
W002,B,South,7,14,0,0.08,81,85,41,38
W008,G/N,Central,3,6,1,0.9,68,153,36,48
W016,M/W,East,3,23,1,0.7,152,109,18,57
W013,K/W,West,3,2,1,0.85,95,169,47,58
W009,G/S,Central,10,2,1,0.9,161,151,26,68
W003,C,South,12,27,0,0.13,51,100,39,34
W018,P/N,West,11,11,0,0.1,37,103,54,32
W021,R/N,West,9,27,1,0.85,120,134,25,55
W023,S,East,4,7,0,0.04,72,76,46,34
W008,G/N,Central,11,18,0,0.01,36,52,31,20
W020,R/C,West,2,16,0,0.15,73,104,14,38
W004,D,South,1,18,0,0.03,50,68,26,26
W012,K/E,West,5,20,0,0.13,61,82,15,31
W011,H/W,West,4,8,0,0.1,43,85,12,27
W008,G/N,Central,2,22,0,0.05,86,59,27,33
W002,B,South,3,19,1,0.95,138,96,40,53
W024,T,East,4,8,0,0.0,52,73,44,29
W019,P/S,West,7,16,0,0.08,83,95,53,41
W014,L,East,2,15,0,0.0,84,84,35,38
W006,F/N,Central,4,25,0,0.07,29,97,16,27
W021,R/N,West,10,14,1,0.85,80,159,19,51
W019,P/S,West,1,15,0,0.15,87,53,23,31
W013,K/W,West,8,28,1,0.85,131,145,31,60
W024,T,East,2,4,0,0.07,75,68,13,31
W010,H/E,West,8,9,1,0.85,178,185,10,77
W006,F/N,Central,10,13,1,0.9,107,192,24,64
W011,H/W,West,10,15,1,0.85,53,122,52,40
W020,R/C,West,3,4,0,0.03,42,48,54,23
W015,M/E,East,6,23,0,0.14,92,68,31,36
W022,R/S,West,7,17,0,0.12,33,52,58,22
W009,G/S,Central,6,8,0,0.1,35,56,55,23
W022,R/S,West,9,20,0,0.06,78,89,11,36
W023,S,East,8,13,0,0.04,88,42,18,29
W022,R/S,West,3,28,1,0.85,167,179,28,75
W003,C,South,4,15,0,0.01,55,42,45,24
W018,P/N,West,7,23,0,0.11,51,58,40,26
W024,T,East,5,15,0,0.07,82,63,55,35
W012,K/E,West,7,22,0,0.06,34,60,47,23
W009,G/S,Central,12,26,0,0.1,75,53,59,31
W008,G/N,Central,11,12,1,0.9,148,193,27,73
W004,D,South,12,2,0,0.08,73,69,24,32
W007,F/S,South,5,20,0,0.1,71,65,36,31
W002,B,South,4,2,0,0.1,86,52,34,32
W019,P/S,West,12,16,0,0.15,33,104,30,30
W019,P/S,West,12,15,0,0.14,66,86,37,34
W011,H/W,West,11,28,1,0.85,53,111,54,38
W017,N,East,1,24,0,0.11,79,86,25,36
W019,P/S,West,12,21,0,0.14,40,59,57,25
W019,P/S,West,5,8,0,0.14,65,73,36,31
W019,P/S,West,10,16,0,0.02,47,61,29,24
W004,D,South,3,14,1,0.95,157,160,43,70
W018,P/N,West,12,2,0,0.04,59,64,32,28
W018,P/N,West,6,6,0,0.03,68,73,44,33
W012,K/E,West,2,10,0,0.1,44,98,41,32
W002,B,South,4,23,0,0.0,67,48,30,26
W001,A,South,9,8,0,0.04,50,48,60,25
W009,G/S,Central,9,19,1,0.9,113,135,15,53
W010,H/E,West,10,19,0,0.04,37,79,59,28
W005,E,South,9,10,1,0.95,82,154,37,52
W017,N,East,3,12,0,0.11,58,78,46,32
W016,M/W,East,10,21,1,0.7,90,92,46,42
W012,K/E,West,8,3,1,0.85,163,185,24,75
W008,G/N,Central,1,9,0,0.07,81,98,13,38
W020,R/C,West,1,11,0,0.13,69,84,47,35
W007,F/S,South,2,7,0,0.04,70,87,44,36
W002,B,South,6,11,0,0.07,81,66,43,34
W012,K/E,West,6,18,0,0.07,60,65,19,27
W002,B,South,9,23,1,0.95,173,104,28,61
W023,S,East,11,11,1,0.7,58,129,26,40
W008,G/N,Central,2,14,0,0.07,48,83,57,31
W023,S,East,1,5,0,0.05,37,76,47,27
W017,N,East,9,16,1,0.7,133,96,54,53
W007,F/S,South,5,26,0,0.11,64,71,52,32
W013,K/W,West,6,14,0,0.03,54,81,31,30
W001,A,South,12,8,0,0.02,37,61,28,22
W008,G/N,Central,7,13,0,0.06,88,84,58,40
W002,B,South,7,28,0,0.09,70,70,30,32
W019,P/S,West,2,10,0,0.07,31,71,46,24
W017,N,East,4,21,0,0.14,81,59,16,31
W019,P/S,West,3,8,1,0.85,133,113,15,53
W020,R/C,West,4,27,0,0.11,63,48,39,26
W009,G/S,Central,11,11,1,0.9,63,196,43,56
W020,R/C,West,4,2,0,0.14,83,109,15,41
W022,R/S,West,1,22,0,0.15,84,60,28,33
W011,H/W,West,5,15,0,0.15,48,100,40,33
W020,R/C,West,5,18,0,0.1,84,85,33,38
W003,C,South,4,22,0,0.03,56,59,13,25
W013,K/W,West,4,13,0,0.12,57,80,44,32
W001,A,South,10,13,0,0.06,45,45,37,21
W016,M/W,East,9,1,1,0.7,123,117,29,53
W024,T,East,4,27,0,0.11,68,71,37,32
W023,S,East,3,3,1,0.7,116,96,19,46
W009,G/S,Central,9,28,1,0.9,175,99,15,60
W017,N,East,10,20,0,0.07,85,70,58,37
W015,M/E,East,2,12,0,0.09,68,61,58,31
W012,K/E,West,10,12,1,0.85,145,167,19,67
W017,N,East,4,3,0,0.06,32,80,20,24
W005,E,South,6,20,0,0.07,81,74,45,36
W007,F/S,South,9,21,1,0.95,131,172,43,67
W001,A,South,10,17,1,0.95,89,129,39,48
W022,R/S,West,1,24,0,0.14,45,102,52,34
W012,K/E,West,3,10,1,0.85,115,192,42,67
W023,S,East,6,23,0,0.01,44,65,24,24
W013,K/W,West,7,22,0,0.04,47,93,49,32
W019,P/S,West,6,2,0,0.08,63,81,16,31
W004,D,South,12,27,0,0.06,47,55,39,24
W022,R/S,West,12,15,0,0.14,78,52,33,30
W020,R/C,West,8,21,1,0.85,114,133,25,54
W011,H/W,West,11,27,1,0.85,123,96,42,50
W012,K/E,West,2,17,0,0.15,54,73,15,27
W008,G/N,Central,1,28,0,0.06,81,66,15,32
W008,G/N,Central,4,16,0,0.11,76,99,54,40
W006,F/N,Central,1,28,0,0.11,70,69,60,34
W012,K/E,West,12,4,0,0.08,80,82,14,35
W007,F/S,South,7,7,0,0.0,63,77,18,30
W007,F/S,South,9,23,1,0.95,118,159,48,61
W007,F/S,South,12,23,0,0.03,39,87,18,27
W019,P/S,West,7,6,0,0.12,92,60,59,37
W008,G/N,Central,2,17,0,0.1,67,100,48,38
W020,R/C,West,4,7,0,0.04,76,63,32,32
W020,R/C,West,4,26,0,0.04,47,60,19,24
W015,M/E,East,5,26,0,0.1,88,100,49,43
W021,R/N,West,8,28,1,0.85,101,150,45,56
W014,L,East,10,17,1,0.7,100,112,35,47
W004,D,South,1,1,0,0.11,57,99,13,33
W020,R/C,West,10,9,0,0.1,69,94,13,35
W013,K/W,West,7,27,0,0.03,65,69,15,29
W020,R/C,West,6,14,0,0.09,59,84,25,31
W021,R/N,West,11,19,1,0.85,103,166,46,59
W018,P/N,West,4,13,0,0.02,45,53,29,22
W024,T,East,7,2,0,0.05,72,75,29,33
W011,H/W,West,1,12,0,0.11,30,85,59,28
W006,F/N,Central,5,25,0,0.06,43,67,32,25
W004,D,South,7,13,0,0.07,46,70,59,28
W003,C,South,4,19,0,0.03,83,68,38,35
W004,D,South,5,10,0,0.04,54,64,53,28
W010,H/E,West,9,11,1,0.85,60,133,23,41
W020,R/C,West,8,24,1,0.85,101,189,53,64
W003,C,South,10,1,1,0.95,189,204,22,84
W020,R/C,West,12,11,0,0.07,90,50,29,32
W021,R/N,West,4,6,0,0.11,55,82,19,30
W023,S,East,1,1,0,0.08,74,95,44,38
W018,P/N,West,1,21,0,0.06,75,85,14,34
W009,G/S,Central,11,3,1,0.9,104,124,49,51
W023,S,East,3,6,1,0.7,48,111,38,35
W012,K/E,West,4,22,0,0.12,36,54,24,20
W008,G/N,Central,10,5,0,0.09,88,93,37,41
W010,H/E,West,2,17,0,0.01,83,40,44,29
W006,F/N,Central,8,9,1,0.9,164,148,47,70
W005,E,South,8,18,1,0.95,106,148,20,54
W024,T,East,3,14,1,0.7,123,129,16,54
W004,D,South,5,20,0,0.13,92,75,10,36
W001,A,South,11,24,1,0.95,103,177,53,62
W011,H/W,West,5,2,0,0.11,86,104,15,41
W010,H/E,West,4,11,0,0.14,84,108,32,42
W004,D,South,12,15,0,0.1,95,51,19,33
W009,G/S,Central,9,1,0,0.09,66,64,21,29
W023,S,East,2,5,0,0.12,69,71,40,32
W014,L,East,9,21,1,0.7,76,171,33,53
W018,P/N,West,5,15,0,0.03,83,78,38,37
W006,F/N,Central,2,8,0,0.11,93,61,16,34
W010,H/E,West,6,17,0,0.07,54,68,43,28
W007,F/S,South,1,4,0,0.06,90,86,53,41
W015,M/E,East,11,23,1,0.7,63,98,22,35
W018,P/N,West,12,25,0,0.14,70,60,51,31
W001,A,South,6,25,0,0.13,54,79,12,28
W010,H/E,West,3,6,1,0.85,95,148,14,52
W011,H/W,West,3,17,1,0.85,65,174,59,53
W007,F/S,South,7,6,0,0.08,55,65,27,27
W023,S,East,11,4,1,0.7,88,174,39,57
W013,K/W,West,10,5,1,0.85,164,168,10,71
W012,K/E,West,5,21,0,0.05,70,51,15,27
W001,A,South,5,13,0,0.11,45,101,13,31
W019,P/S,West,3,13,1,0.85,146,180,51,72
W019,P/S,West,1,13,0,0.07,37,66,23,23
W023,S,East,7,3,0,0.15,66,109,35,39
W014,L,East,5,21,0,0.03,58,53,11,24
W001,A,South,6,6,0,0.07,92,76,40,38
W024,T,East,5,17,0,0.09,45,49,53,23
W010,H/E,West,6,1,0,0.09,40,96,17,29
W001,A,South,2,11,0,0.1,60,71,34,30
W002,B,South,10,8,1,0.95,184,97,50,64
W010,H/E,West,9,10,1,0.85,111,163,18,58
W007,F/S,South,5,28,0,0.15,65,82,44,34
W022,R/S,West,6,13,0,0.03,50,42,20,21
W015,M/E,East,4,11,0,0.04,50,70,20,26
W004,D,South,4,8,0,0.11,91,48,56,34
W013,K/W,West,3,23,1,0.85,107,125,12,49
W018,P/N,West,8,7,1,0.85,150,190,27,73
W013,K/W,West,4,23,0,0.02,40,48,60,23
W021,R/N,West,8,23,1,0.85,125,121,44,55
W007,F/S,South,11,20,1,0.95,164,140,40,67
W008,G/N,Central,1,15,0,0.01,35,83,47,28
W009,G/S,Central,9,12,1,0.9,108,117,43,50
W004,D,South,4,3,0,0.06,65,47,16,25
W023,S,East,8,23,0,0.08,67,48,41,27
W006,F/N,Central,10,16,1,0.9,111,136,50,55
W004,D,South,9,5,0,0.09,43,82,29,28
W024,T,East,8,10,0,0.01,67,80,41,34
W019,P/S,West,10,9,1,0.85,124,91,29,48
W001,A,South,10,18,1,0.95,69,146,20,46
W003,C,South,12,17,0,0.15,34,91,60,30
W004,D,South,9,1,1,0.95,125,136,19,56
W015,M/E,East,12,17,0,0.09,45,67,16,24
W008,G/N,Central,3,26,0,0.01,72,89,44,37
W008,G/N,Central,12,10,0,0.13,79,98,23,39
W003,C,South,11,9,0,0.06,77,58,10,29
W023,S,East,11,19,1,0.7,49,87,16,29
W018,P/N,West,1,20,0,0.03,84,79,10,35
W020,R/C,West,11,19,1,0.85,84,160,48,54
W010,H/E,West,11,17,1,0.85,171,111,12,61
W018,P/N,West,1,27,0,0.09,65,93,17,34
W020,R/C,West,11,9,0,0.09,83,73,51,37
W002,B,South,6,27,0,0.02,64,41,29,24
W005,E,South,5,14,0,0.14,42,61,56,25
W007,F/S,South,3,24,1,0.95,120,142,58,59
W003,C,South,3,15,0,0.05,86,51,14,30
W015,M/E,East,6,1,0,0.1,53,74,42,29
W024,T,East,7,15,0,0.11,66,94,14,34
W009,G/S,Central,11,8,1,0.9,156,157,22,68
W024,T,East,3,16,0,0.08,72,53,10,27
W008,G/N,Central,11,14,1,0.9,171,117,31,64
W007,F/S,South,10,27,1,0.95,120,208,41,71
W016,M/W,East,1,28,0,0.13,56,61,15,25
W024,T,East,10,4,0,0.04,69,44,52,28
W017,N,East,11,15,0,0.07,68,61,18,28
W009,G/S,Central,9,18,0,0.11,94,82,21,39
W024,T,East,3,13,1,0.7,67,150,60,49
W019,P/S,West,9,13,1,0.85,89,132,35,49
W013,K/W,West,5,4,0,0.04,43,46,29,21
W001,A,South,8,19,1,0.95,57,93,37,34
W011,H/W,West,12,25,0,0.0,41,48,49,22
W019,P/S,West,4,15,0,0.01,66,84,35,34
W004,D,South,9,23,1,0.95,105,166,29,59
W011,H/W,West,7,3,0,0.12,37,57,36,22
W012,K/E,West,2,26,0,0.08,59,46,36,25
W022,R/S,West,8,1,1,0.85,123,146,24,58
W004,D,South,2,7,0,0.09,53,68,17,26
W002,B,South,4,4,0,0.02,31,87,48,27
W008,G/N,Central,6,17,0,0.06,39,86,29,28
W021,R/N,West,5,25,0,0.07,50,52,39,24
W001,A,South,10,14,1,0.95,117,154,36,59
W006,F/N,Central,2,11,0,0.15,97,68,51,39
W014,L,East,9,2,1,0.7,83,108,19,41
W010,H/E,West,4,1,0,0.1,74,71,15,31
W008,G/N,Central,12,18,0,0.07,65,82,27,33
W002,B,South,9,26,0,0.04,55,90,44,33
W014,L,East,12,20,0,0.13,30,100,57,31
W017,N,East,10,23,0,0.14,74,63,44,32
W020,R/C,West,6,23,0,0.01,83,77,58,38
W019,P/S,West,5,26,0,0.04,68,88,60,37
W022,R/S,West,8,2,1,0.85,122,92,10,46
W004,D,South,1,21,0,0.1,84,60,51,34
W018,P/N,West,12,16,0,0.08,38,98,48,31
W018,P/N,West,8,26,1,0.85,73,148,42,49
W013,K/W,West,12,26,0,0.1,48,92,55,33
W003,C,South,11,15,1,0.95,139,194,36,72
W005,E,South,7,1,0,0.13,53,90,46,33
W004,D,South,3,20,1,0.95,186,205,59,87
W010,H/E,West,9,10,0,0.06,63,58,43,29
W023,S,East,12,8,0,0.01,50,80,57,31
W019,P/S,West,1,5,0,0.03,67,57,17,27
W002,B,South,3,13,1,0.95,59,213,17,57
W010,H/E,West,10,25,1,0.85,138,105,46,55
W016,M/W,East,10,4,1,0.7,95,146,12,51
W020,R/C,West,1,28,0,0.07,77,47,30,28
W018,P/N,West,9,9,0,0.09,47,68,46,27
W023,S,East,4,11,0,0.04,57,73,36,30
W002,B,South,5,2,0,0.01,76,87,39,37
W008,G/N,Central,5,11,0,0.14,64,91,18,33
W004,D,South,3,8,1,0.95,99,95,28,43
W004,D,South,8,19,1,0.95,163,115,25,61
W017,N,East,8,26,1,0.7,107,84,14,41
W006,F/N,Central,8,15,0,0.05,36,81,59,28
W009,G/S,Central,9,13,1,0.9,165,162,33,72
W020,R/C,West,1,19,0,0.07,90,59,50,35
W013,K/W,West,4,11,0,0.04,32,96,33,28
W008,G/N,Central,12,1,0,0.15,72,97,21,37
W003,C,South,8,28,1,0.95,92,202,52,65
W004,D,South,2,2,0,0.11,45,47,52,23
W004,D,South,5,4,0,0.12,60,48,51,26
W010,H/E,West,9,3,1,0.85,155,100,58,59
W005,E,South,6,19,0,0.12,55,52,33,25
W009,G/S,Central,10,10,1,0.9,170,151,59,72
W022,R/S,West,12,8,0,0.05,67,51,35,27
W006,F/N,Central,2,22,0,0.05,79,45,27,28
W002,B,South,3,10,1,0.95,152,114,57,61
W024,T,East,12,6,0,0.01,46,44,57,23
W017,N,East,1,14,0,0.01,57,82,17,30
W018,P/N,West,9,11,1,0.85,129,144,21,59
W006,F/N,Central,3,16,1,0.9,59,195,16,53
W001,A,South,2,4,0,0.12,46,80,39,29
W015,M/E,East,6,18,0,0.04,84,66,57,36
W024,T,East,4,21,0,0.04,80,78,11,34
W013,K/W,West,4,20,0,0.1,53,92,15,31
W004,D,South,8,18,0,0.05,34,73,25,24
W024,T,East,10,18,0,0.07,67,66,29,30
W010,H/E,West,6,15,0,0.03,84,58,42,33
W011,H/W,West,1,25,0,0.04,88,88,11,38
W005,E,South,7,22,0,0.07,57,62,50,28
W010,H/E,West,1,19,0,0.15,42,97,43,32
W019,P/S,West,8,21,1,0.85,155,99,58,59
W006,F/N,Central,7,20,0,0.01,49,79,58,31
W002,B,South,3,26,1,0.95,187,118,13,66
W007,F/S,South,3,13,1,0.95,58,180,26,51
W005,E,South,9,2,1,0.95,96,134,58,52
W002,B,South,2,14,0,0.06,62,81,16,31
W010,H/E,West,4,5,0,0.06,80,96,39,40
W019,P/S,West,7,17,0,0.05,84,56,30,32
W023,S,East,4,27,0,0.12,61,48,44,26
W017,N,East,8,7,1,0.7,156,173,53,73
W016,M/W,East,1,17,0,0.1,46,80,23,28
W018,P/N,West,8,4,1,0.85,112,153,10,56
W023,S,East,6,10,0,0.01,71,75,50,34
W021,R/N,West,6,14,0,0.07,62,68,25,29
W024,T,East,4,19,0,0.05,63,71,45,31
W021,R/N,West,5,2,0,0.06,72,76,25,33
W014,L,East,2,20,0,0.09,39,50,16,19
W016,M/W,East,3,2,1,0.7,129,84,26,47
W008,G/N,Central,3,8,1,0.9,132,114,40,55
W012,K/E,West,3,28,0,0.04,72,82,42,35
W021,R/N,West,5,26,0,0.03,63,47,54,27
W024,T,East,10,26,0,0.13,41,96,42,31
W015,M/E,East,5,5,0,0.01,83,71,25,34
W002,B,South,2,26,0,0.02,55,87,22,31
W022,R/S,West,7,26,0,0.02,62,78,31,31
W007,F/S,South,3,12,1,0.95,121,188,39,67
W018,P/N,West,7,2,0,0.05,39,73,37,26
W020,R/C,West,11,4,1,0.85,150,132,53,64
W006,F/N,Central,5,20,0,0.03,47,70,16,25
W013,K/W,West,12,1,0,0.11,36,84,10,25
W006,F/N,Central,2,16,0,0.1,74,68,42,33
W014,L,East,2,20,0,0.04,52,77,45,30
W015,M/E,East,6,27,0,0.01,64,49,48,27
W015,M/E,East,6,2,0,0.07,39,75,59,28
W010,H/E,West,8,11,1,0.85,92,108,40,45
W014,L,East,2,16,0,0.05,45,83,18,28
W002,B,South,12,15,0,0.09,38,56,10,20
W014,L,East,5,10,0,0.01,33,84,28,26
W004,D,South,7,25,0,0.15,85,69,18,34
W014,L,East,3,14,1,0.7,49,110,53,37
W021,R/N,West,1,17,0,0.01,44,71,53,28
W020,R/C,West,10,25,1,0.85,83,180,45,58
W020,R/C,West,1,25,0,0.06,29,92,24,26
W014,L,East,2,28,0,0.01,75,61,11,29
W020,R/C,West,3,13,1,0.85,113,159,47,60
W003,C,South,5,4,0,0.15,75,61,25,30
W017,N,East,5,16,0,0.09,90,66,27,35
W011,H/W,West,2,3,0,0.05,41,66,22,24
W003,C,South,6,13,0,0.08,61,88,40,34
W006,F/N,Central,7,23,0,0.01,72,53,43,30
W017,N,East,7,3,0,0.14,30,67,14,21
W004,D,South,1,22,0,0.06,71,76,29,33
W006,F/N,Central,5,17,0,0.1,75,78,12,33
W013,K/W,West,8,22,1,0.85,134,89,20,49
W002,B,South,10,8,0,0.13,60,64,48,29
W008,G/N,Central,2,17,0,0.13,60,104,36,37
W023,S,East,6,18,0,0.1,33,53,11,18
W024,T,East,5,26,0,0.05,55,59,32,26
W012,K/E,West,4,4,0,0.0,26,83,21,24
W018,P/N,West,8,26,0,0.01,84,61,50,34
W009,G/S,Central,9,17,1,0.9,61,184,39,53
W018,P/N,West,4,14,0,0.06,86,75,52,38
W019,P/S,West,12,13,0,0.09,72,98,11,36
W007,F/S,South,9,21,1,0.95,164,209,52,82
W021,R/N,West,6,25,0,0.07,70,50,10,26
W007,F/S,South,10,25,1,0.95,182,120,44,68
W005,E,South,4,13,0,0.1,91,91,56,42
W006,F/N,Central,10,20,1,0.9,144,153,58,67
W006,F/N,Central,8,24,1,0.9,175,145,21,69
W003,C,South,3,21,1,0.95,73,132,28,44
W015,M/E,East,1,23,0,0.01,48,90,23,30
W008,G/N,Central,7,12,0,0.02,55,58,45,27
W008,G/N,Central,5,16,0,0.05,49,86,28,30
W012,K/E,West,10,28,1,0.85,161,103,44,60
W023,S,East,7,4,0,0.03,47,87,25,29
W003,C,South,12,11,0,0.05,70,72,41,33
W015,M/E,East,10,24,0,0.15,97,109,38,46
W012,K/E,West,9,17,1,0.85,98,124,11,47
W021,R/N,West,11,20,0,0.09,56,90,47,34
W023,S,East,9,23,1,0.7,96,181,19,59
W015,M/E,East,3,27,1,0.7,143,155,36,65
W013,K/W,West,12,9,0,0.03,26,93,23,26
W015,M/E,East,3,25,1,0.7,50,142,18,41
W009,G/S,Central,6,9,0,0.01,32,78,42,25
W024,T,East,2,15,0,0.08,54,94,33,33
W003,C,South,3,20,1,0.95,94,205,29,64
W022,R/S,West,3,2,1,0.85,89,120,13,45
W014,L,East,5,3,0,0.1,74,82,31,35
W018,P/N,West,7,5,0,0.04,32,78,33,25
W011,H/W,West,4,7,0,0.01,36,75,60,27
W023,S,East,6,21,0,0.13,54,106,58,37
W017,N,East,1,24,0,0.11,45,56,40,24
W020,R/C,West,6,8,0,0.07,72,88,31,36
W010,H/E,West,3,12,1,0.85,97,113,14,45
W014,L,East,9,17,0,0.12,64,67,10,28
W007,F/S,South,4,19,0,0.08,31,70,10,21
W010,H/E,West,2,3,0,0.07,53,93,21,32
W002,B,South,1,17,0,0.08,37,52,37,21
W016,M/W,East,11,23,0,0.14,95,90,28,41
W024,T,East,5,20,0,0.04,52,54,49,26
W013,K/W,West,3,2,1,0.85,136,117,58,58
W003,C,South,7,14,0,0.03,67,72,50,33
W001,A,South,6,12,0,0.03,51,80,51,31
W013,K/W,West,10,25,1,0.85,126,143,54,61
W024,T,East,6,26,0,0.14,52,61,28,26
W015,M/E,East,12,28,0,0.11,87,47,40,31
W012,K/E,West,5,2,0,0.02,61,92,11,32
W006,F/N,Central,5,13,0,0.0,69,52,21,27
W018,P/N,West,11,8,1,0.85,119,145,31,58
W015,M/E,East,3,22,0,0.08,37,80,42,27
W009,G/S,Central,7,28,0,0.02,75,43,24,27
W018,P/N,West,8,26,1,0.85,61,122,48,41
W012,K/E,West,8,12,1,0.85,118,104,24,49
W015,M/E,East,4,18,0,0.02,35,92,45,29
W006,F/N,Central,10,15,1,0.9,135,150,50,64
W005,E,South,9,4,1,0.95,87,175,26,56
W022,R/S,West,12,11,0,0.06,71,59,13,28
W022,R/S,West,10,16,1,0.85,64,102,23,36
W021,R/N,West,10,12,1,0.85,84,146,49,51
W005,E,South,2,1,0,0.09,61,81,32,32
W010,H/E,West,9,10,0,0.05,57,64,31,27
W013,K/W,West,8,5,1,0.85,171,109,23,62
W009,G/S,Central,9,19,1,0.9,141,134,52,62
W022,R/S,West,7,18,0,0.06,36,52,21,20
W012,K/E,West,5,7,0,0.12,32,68,57,25
W006,F/N,Central,8,15,0,0.09,58,75,13,29
W016,M/W,East,5,23,0,0.06,61,67,49,30
W020,R/C,West,9,3,1,0.85,119,163,45,62
W023,S,East,2,22,0,0.06,80,50,32,30
W015,M/E,East,7,21,0,0.02,77,51,34,30
W004,D,South,12,11,0,0.14,65,53,42,28
W011,H/W,West,12,8,0,0.14,39,100,10,29
W022,R/S,West,5,26,0,0.13,61,68,39,30
W004,D,South,12,10,0,0.13,64,74,20,30
W003,C,South,12,18,0,0.09,34,84,57,28
W009,G/S,Central,8,3,1,0.9,91,202,30,63
W011,H/W,West,11,2,1,0.85,88,130,27,47
W011,H/W,West,5,19,0,0.09,33,54,53,22
W021,R/N,West,12,6,0,0.11,35,98,30,29
W006,F/N,Central,11,6,1,0.9,113,95,31,46
W003,C,South,4,5,0,0.11,60,63,21,27
W019,P/S,West,2,6,0,0.03,81,59,30,32
W021,R/N,West,4,21,0,0.01,76,60,35,31
W004,D,South,6,5,0,0.14,61,86,57,35
W015,M/E,East,9,7,1,0.7,117,169,51,63
W024,T,East,1,23,0,0.07,47,80,11,27
W022,R/S,West,12,15,0,0.02,39,54,58,23
W010,H/E,West,6,8,0,0.13,90,94,25,40
W002,B,South,11,2,0,0.01,61,80,10,30
W020,R/C,West,3,12,0,0.08,50,67,47,28
W011,H/W,West,12,1,0,0.01,51,71,39,28
W011,H/W,West,9,13,1,0.85,74,131,53,46
W004,D,South,1,14,0,0.01,51,62,14,24
W002,B,South,4,14,0,0.13,94,107,34,45
W020,R/C,West,8,11,1,0.85,68,167,51,52
W006,F/N,Central,5,14,0,0.05,53,89,31,32
W012,K/E,West,4,2,0,0.1,78,103,27,40
W021,R/N,West,1,13,0,0.01,44,71,19,25
W013,K/W,West,6,17,0,0.01,84,52,32,31
W002,B,South,4,16,0,0.06,33,83,59,28
W022,R/S,West,6,19,0,0.14,57,73,35,30
W016,M/W,East,1,21,0,0.13,72,87,56,37
W001,A,South,11,3,1,0.95,171,108,41,63
W010,H/E,West,7,8,0,0.07,84,66,23,33
W013,K/W,West,2,4,0,0.1,95,88,26,40
W004,D,South,5,24,0,0.0,58,85,37,32
W009,G/S,Central,5,25,0,0.05,75,94,27,37
W003,C,South,12,2,0,0.05,86,82,53,39
W011,H/W,West,6,11,0,0.14,61,90,36,34
W001,A,South,7,26,0,0.01,33,83,11,24
W016,M/W,East,7,1,0,0.09,66,86,26,34
W007,F/S,South,5,28,0,0.11,38,62,58,25
W023,S,East,7,13,0,0.14,40,59,31,23
W007,F/S,South,6,27,0,0.14,65,86,56,36
W024,T,East,2,5,0,0.03,49,45,58,24
W005,E,South,2,23,0,0.08,90,86,27,39
W012,K/E,West,9,19,1,0.85,175,114,55,66
W020,R/C,West,9,14,1,0.85,108,104,13,46
W020,R/C,West,4,13,0,0.13,61,87,41,34
W014,L,East,6,28,0,0.06,37,85,25,27
W005,E,South,5,25,0,0.14,78,89,56,39
W004,D,South,11,15,1,0.95,163,142,46,68
W018,P/N,West,1,28,0,0.14,53,92,60,34
W010,H/E,West,2,13,0,0.08,37,54,14,20
W021,R/N,West,11,8,0,0.14,42,104,36,32
W007,F/S,South,4,7,0,0.1,30,82,30,25
W007,F/S,South,6,6,0,0.14,73,86,17,34
W014,L,East,6,1,0,0.06,50,43,30,22
W015,M/E,East,6,22,0,0.12,35,49,37,20
W005,E,South,7,8,0,0.01,35,64,40,23
W017,N,East,6,15,0,0.01,68,70,48,32
W004,D,South,7,10,0,0.04,43,46,14,19
W014,L,East,11,18,0,0.08,32,45,19,17
W015,M/E,East,1,1,0,0.08,29,94,49,29
W021,R/N,West,5,14,0,0.1,93,104,49,45
W007,F/S,South,1,13,0,0.08,92,69,59,38
W010,H/E,West,3,14,0,0.11,79,83,53,38
W004,D,South,2,22,0,0.15,70,73,19,31
W022,R/S,West,6,14,0,0.03,40,75,35,26
W018,P/N,West,1,26,0,0.0,61,65,43,29
W012,K/E,West,10,28,1,0.85,168,194,43,79
W012,K/E,West,3,27,1,0.85,159,192,12,75
W017,N,East,10,11,1,0.7,59,165,43,49
W001,A,South,7,21,0,0.12,35,88,29,27
W015,M/E,East,5,17,0,0.1,57,60,58,29
W010,H/E,West,8,9,1,0.85,63,174,27,51
W020,R/C,West,1,7,0,0.02,71,86,59,37
W015,M/E,East,8,11,1,0.7,134,175,32,67
W014,L,East,11,16,1,0.7,161,91,38,57
W006,F/N,Central,7,26,0,0.04,50,88,20,30
W003,C,South,2,27,0,0.0,30,40,37,17
W016,M/W,East,2,6,0,0.08,93,82,47,40
W007,F/S,South,8,24,1,0.95,179,117,57,67
W012,K/E,West,6,19,0,0.1,83,71,43,36
W018,P/N,West,5,9,0,0.07,80,46,22,28
W007,F/S,South,2,13,0,0.05,86,94,48,41
W020,R/C,West,1,3,0,0.14,68,84,31,34
W021,R/N,West,8,21,1,0.85,118,117,11,50
W012,K/E,West,9,9,0,0.03,80,67,58,35
W009,G/S,Central,3,21,0,0.11,85,103,24,41
W008,G/N,Central,3,24,1,0.9,153,191,15,73
W017,N,East,10,28,1,0.7,155,139,46,66
W003,C,South,8,17,1,0.95,170,211,22,82
W008,G/N,Central,4,3,0,0.11,91,62,14,33
W018,P/N,West,9,21,1,0.85,151,192,57,76
W013,K/W,West,8,6,0,0.06,64,43,46,26
W008,G/N,Central,9,25,1,0.9,71,200,35,58
W006,F/N,Central,7,13,0,0.14,67,61,17,28
W009,G/S,Central,8,19,1,0.9,125,135,57,59
W007,F/S,South,9,19,1,0.95,167,153,46,71
W013,K/W,West,7,5,0,0.12,81,70,22,33
W011,H/W,West,3,22,1,0.85,175,108,42,64
W020,R/C,West,3,21,1,0.85,160,134,47,66
W011,H/W,West,5,22,0,0.07,53,93,27,32
W023,S,East,8,17,1,0.7,138,116,32,56
W009,G/S,Central,10,8,0,0.12,72,79,19,33
W017,N,East,5,2,0,0.09,59,88,12,31
W024,T,East,9,1,1,0.7,157,160,35,69
W016,M/W,East,1,16,0,0.05,52,95,12,31
W017,N,East,4,14,0,0.11,80,81,30,36
W017,N,East,4,1,0,0.0,52,63,39,27
W020,R/C,West,7,16,0,0.03,33,51,46,21
W022,R/S,West,7,9,0,0.02,64,53,43,28
W006,F/N,Central,12,13,0,0.1,91,98,19,41
W001,A,South,8,17,1,0.95,170,102,20,60
W021,R/N,West,9,12,1,0.85,170,153,60,73
W007,F/S,South,1,23,0,0.08,84,95,31,40
W023,S,East,6,14,0,0.13,41,94,24,29
W007,F/S,South,4,23,0,0.08,32,72,33,24
W019,P/S,West,11,14,0,0.11,37,52,36,21
W001,A,South,10,12,1,0.95,125,213,15,71
W003,C,South,4,18,0,0.0,56,58,59,28
W024,T,East,2,23,0,0.08,73,101,45,40
W009,G/S,Central,7,21,0,0.14,52,61,20,25
W002,B,South,3,16,1,0.95,80,163,32,53
W019,P/S,West,6,3,0,0.05,38,98,51,31
W007,F/S,South,4,11,0,0.09,40,82,14,26
W011,H/W,West,8,9,1,0.85,147,157,38,67
W010,H/E,West,11,22,1,0.85,136,155,34,64
W014,L,East,11,20,1,0.7,85,81,11,36
W009,G/S,Central,9,16,1,0.9,160,158,27,69
W009,G/S,Central,3,12,1,0.9,127,138,16,57
W010,H/E,West,12,15,0,0.1,47,58,55,26
W009,G/S,Central,11,26,0,0.02,35,54,45,22
W009,G/S,Central,11,6,1,0.9,135,149,45,63
W015,M/E,East,4,19,0,0.04,53,59,45,27
W020,R/C,West,7,5,0,0.08,53,55,31,25
W002,B,South,10,3,0,0.02,81,88,16,37
W018,P/N,West,5,21,0,0.14,77,88,41,38
W020,R/C,West,12,17,0,0.06,57,93,48,35
W011,H/W,West,6,28,0,0.06,28,58,18,19
W019,P/S,West,3,27,1,0.85,102,124,39,50
W004,D,South,3,14,1,0.95,181,102,41,64
W015,M/E,East,6,24,0,0.09,72,48,40,28
W008,G/N,Central,12,19,0,0.08,39,93,60,31
W013,K/W,West,7,26,0,0.05,39,77,31,26
W010,H/E,West,10,13,1,0.85,89,131,54,50
W003,C,South,9,7,0,0.13,64,102,41,37
W012,K/E,West,9,24,0,0.07,43,48,45,22
W023,S,East,10,24,1,0.7,101,147,44,55
W011,H/W,West,1,6,0,0.01,77,71,20,33
W021,R/N,West,3,6,1,0.85,149,126,56,62
W007,F/S,South,5,11,0,0.13,48,62,42,26
W014,L,East,7,14,0,0.08,33,51,26,19
W024,T,East,7,23,0,0.12,49,83,46,31
W013,K/W,West,10,21,0,0.04,56,96,34,34
W018,P/N,West,7,26,0,0.09,42,52,42,23
W021,R/N,West,4,7,0,0.11,70,99,49,39
W007,F/S,South,2,18,0,0.09,70,97,10,35
W002,B,South,12,22,0,0.02,56,57,46,27
W004,D,South,4,18,0,0.05,61,77,37,31
W009,G/S,Central,11,8,1,0.9,166,90,15,56
W001,A,South,5,22,0,0.02,79,62,28,32
W010,H/E,West,10,10,0,0.06,63,75,30,31
W022,R/S,West,9,3,1,0.85,150,106,16,56
W009,G/S,Central,4,2,0,0.08,62,88,20,33
W001,A,South,3,18,1,0.95,67,156,16,47
W006,F/N,Central,3,3,0,0.1,67,46,44,27
W018,P/N,West,4,5,0,0.11,32,67,19,22
W018,P/N,West,2,28,0,0.07,64,78,55,34
W021,R/N,West,9,17,1,0.85,167,124,20,63
W015,M/E,East,9,12,0,0.08,51,91,35,32
W022,R/S,West,4,4,0,0.11,69,63,13,29
W010,H/E,West,8,10,1,0.85,158,162,42,71
W014,L,East,2,11,0,0.14,99,68,55,40
W014,L,East,4,27,0,0.08,86,60,41,34
W019,P/S,West,3,7,1,0.85,148,123,46,61
W011,H/W,West,9,18,1,0.85,108,193,47,66
W008,G/N,Central,11,13,1,0.9,82,107,60,44
W014,L,East,10,20,1,0.7,69,84,13,33
W023,S,East,1,5,0,0.08,41,81,15,26
W010,H/E,West,4,19,0,0.03,63,91,49,36
W013,K/W,West,9,16,1,0.85,54,155,17,44
W010,H/E,West,1,19,0,0.04,49,57,35,25
W003,C,South,9,7,0,0.09,38,51,46,22
W005,E,South,11,22,1,0.95,186,152,36,74
W017,N,East,3,24,0,0.13,77,104,28,40
W001,A,South,6,13,0,0.03,33,44,21,17
W008,G/N,Central,1,10,0,0.01,41,67,45,26
W020,R/C,West,7,28,0,0.07,91,73,39,38
W021,R/N,West,9,19,1,0.85,145,189,42,73
W001,A,South,2,10,0,0.11,65,94,29,35
W011,H/W,West,5,26,0,0.05,55,74,35,29
W012,K/E,West,12,24,0,0.11,69,49,22,26
W022,R/S,West,1,6,0,0.09,34,95,15,27
W004,D,South,2,6,0,0.1,29,75,17,22
W015,M/E,East,12,13,0,0.11,37,94,13,28
W017,N,East,10,7,0,0.04,82,58,59,34
W024,T,East,9,2,1,0.7,87,125,17,45
W024,T,East,3,8,0,0.02,38,74,20,24
W010,H/E,West,6,17,0,0.05,30,92,41,28
W005,E,South,12,8,0,0.09,89,100,14,41
W011,H/W,West,6,18,0,0.15,70,67,50,32
W024,T,East,10,2,0,0.04,60,80,15,30
W019,P/S,West,2,4,0,0.01,41,64,34,24
W021,R/N,West,7,21,0,0.14,74,51,27,28
W016,M/W,East,10,17,1,0.7,81,97,45,41
W003,C,South,7,10,0,0.13,55,60,53,28
W002,B,South,5,6,0,0.09,41,98,32,31
W017,N,East,7,14,0,0.14,35,100,30,30
W007,F/S,South,6,7,0,0.06,44,58,19,22
W008,G/N,Central,3,27,1,0.9,126,130,37,57
W005,E,South,4,6,0,0.07,57,79,22,30
W021,R/N,West,9,6,1,0.85,131,173,32,66
W020,R/C,West,12,2,0,0.14,49,105,52,35
W017,N,East,3,28,1,0.7,51,160,32,45
W009,G/S,Central,4,3,0,0.14,44,104,18,32
W010,H/E,West,6,13,0,0.11,82,52,29,31
W003,C,South,9,8,1,0.95,67,180,33,53
W008,G/N,Central,10,7,1,0.9,140,205,41,75
W011,H/W,West,12,21,0,0.05,67,95,38,36
W006,F/N,Central,11,26,1,0.9,66,98,54,38
W020,R/C,West,7,9,0,0.05,63,56,39,28
W021,R/N,West,2,16,0,0.07,27,60,46,21
W017,N,East,10,7,1,0.7,96,90,53,43
W020,R/C,West,8,4,1,0.85,70,95,29,36
W012,K/E,West,8,15,0,0.06,59,61,59,29
W023,S,East,7,19,0,0.07,62,94,58,37
W013,K/W,West,1,10,0,0.13,32,101,31,29
W024,T,East,2,5,0,0.02,33,55,29,20
W006,F/N,Central,12,19,0,0.02,29,84,53,27
W001,A,South,7,7,0,0.1,76,82,24,35
W009,G/S,Central,11,13,0,0.04,41,75,56,28
W013,K/W,West,1,26,0,0.11,34,102,45,31
W017,N,East,5,11,0,0.15,99,90,34,42
W021,R/N,West,5,20,0,0.06,75,81,51,36
W001,A,South,2,3,0,0.02,40,90,31,29
W017,N,East,2,22,0,0.05,34,52,48,21
W001,A,South,10,12,0,0.11,45,59,38,24
W024,T,East,1,6,0,0.01,66,68,48,32
W004,D,South,3,26,1,0.95,104,206,57,68
W023,S,East,3,23,1,0.7,156,138,18,64
W010,H/E,West,7,11,0,0.03,81,77,57,37
W002,B,South,5,9,0,0.04,59,52,50,27
W015,M/E,East,2,8,0,0.11,52,53,40,25
W020,R/C,West,3,15,1,0.85,76,167,38,53
W002,B,South,1,16,0,0.03,69,65,23,30
W008,G/N,Central,1,11,0,0.1,58,65,57,30
W020,R/C,West,7,7,0,0.04,56,53,58,27
W024,T,East,8,17,1,0.7,139,108,30,55
W001,A,South,3,21,1,0.95,99,181,14,59
W007,F/S,South,12,25,0,0.04,62,84,42,33
W008,G/N,Central,11,9,0,0.05,79,77,26,35
W010,H/E,West,3,5,1,0.85,130,160,10,62
W023,S,East,3,14,1,0.7,81,121,26,44
W015,M/E,East,8,22,1,0.7,62,102,28,36
W003,C,South,10,2,0,0.13,79,105,57,43
W005,E,South,7,23,0,0.01,73,45,53,29
W018,P/N,West,3,5,1,0.85,137,132,15,58
W011,H/W,West,11,1,1,0.85,134,129,32,58
W009,G/S,Central,5,7,0,0.03,86,89,52,41
W018,P/N,West,6,7,0,0.04,67,75,46,33
W020,R/C,West,12,13,0,0.11,66,96,21,35
W011,H/W,West,2,7,0,0.09,58,55,20,25
W022,R/S,West,6,27,0,0.09,41,61,25,23
W008,G/N,Central,8,3,1,0.9,122,205,42,71
W017,N,East,12,11,0,0.06,87,71,36,36
W023,S,East,3,8,1,0.7,153,164,37,70
W023,S,East,4,4,0,0.14,51,52,27,23
W010,H/E,West,11,17,1,0.85,111,175,13,60
W020,R/C,West,9,14,1,0.85,52,130,21,39
W002,B,South,9,5,1,0.95,119,114,30,51
W015,M/E,East,4,26,0,0.1,57,61,14,26
W015,M/E,East,7,8,0,0.11,96,102,38,44
W007,F/S,South,11,20,1,0.95,131,104,18,51
W019,P/S,West,11,14,1,0.85,53,104,36,35
W012,K/E,West,11,25,1,0.85,142,152,32,64
W022,R/S,West,8,28,0,0.1,60,68,16,28
W017,N,East,5,3,0,0.0,75,74,17,32
W002,B,South,8,11,1,0.95,113,196,23,66
W009,G/S,Central,1,5,0,0.05,81,52,25,30
W018,P/N,West,2,4,0,0.15,48,98,38,33
W010,H/E,West,11,8,1,0.85,120,156,58,62
W016,M/W,East,11,12,1,0.7,150,85,32,53
W023,S,East,11,19,1,0.7,147,179,20,70
W022,R/S,West,12,4,0,0.05,53,82,40,31
W020,R/C,West,2,6,0,0.02,45,80,19,27
W007,F/S,South,2,6,0,0.11,56,96,37,34
W005,E,South,9,15,1,0.95,80,111,11,41
W012,K/E,West,10,22,0,0.0,32,49,41,20
W007,F/S,South,11,10,0,0.04,51,86,46,32
W020,R/C,West,11,19,0,0.12,60,88,32,33
W022,R/S,West,7,23,0,0.05,38,90,58,30
W006,F/N,Central,12,26,0,0.11,61,71,52,31
W014,L,East,12,22,0,0.05,32,44,34,18
W017,N,East,6,3,0,0.08,31,99,49,30
W005,E,South,5,28,0,0.13,57,70,49,30
W011,H/W,West,11,8,0,0.05,26,94,28,26
W003,C,South,7,21,0,0.12,36,99,29,30
W020,R/C,West,11,16,1,0.85,140,153,25,63
W012,K/E,West,4,3,0,0.08,50,44,31,22
W018,P/N,West,2,25,0,0.1,77,67,38,33
W013,K/W,West,4,16,0,0.13,96,106,32,45
W022,R/S,West,4,16,0,0.13,87,104,21,41
W016,M/W,East,4,24,0,0.09,36,58,30,21
W016,M/W,East,5,11,0,0.0,42,43,51,21
W008,G/N,Central,1,25,0,0.13,96,105,58,46
W010,H/E,West,10,11,0,0.13,66,70,32,31
W016,M/W,East,4,10,0,0.15,72,65,36,31
W021,R/N,West,1,1,0,0.11,38,69,29,24
W021,R/N,West,4,26,0,0.03,30,62,45,22
W022,R/S,West,11,20,1,0.85,162,196,48,79
W011,H/W,West,11,25,0,0.11,78,73,12,33
W003,C,South,11,8,1,0.95,139,98,12,51
W013,K/W,West,2,2,0,0.09,58,72,15,28
W021,R/N,West,7,11,0,0.14,53,55,57,27
W020,R/C,West,6,9,0,0.07,36,51,10,19
W019,P/S,West,1,18,0,0.07,47,92,32,31
W011,H/W,West,3,13,0,0.05,26,68,33,21
W015,M/E,East,2,15,0,0.08,72,47,48,29
W021,R/N,West,4,14,0,0.02,25,85,52,26
W020,R/C,West,12,10,0,0.1,40,101,37,31
W008,G/N,Central,11,13,0,0.03,70,63,58,32
W024,T,East,5,14,0,0.01,35,74,57,26
W006,F/N,Central,6,19,0,0.06,48,81,34,29
W005,E,South,10,20,1,0.95,104,202,49,67
W014,L,East,3,14,1,0.7,161,80,10,52
W002,B,South,11,12,0,0.05,88,58,38,34
W004,D,South,3,10,1,0.95,158,159,27,69
W009,G/S,Central,3,17,1,0.9,153,204,50,78
W014,L,East,3,24,1,0.7,155,99,44,57
W018,P/N,West,5,11,0,0.1,75,49,50,30
W011,H/W,West,2,1,0,0.14,68,96,20,36
W018,P/N,West,10,24,1,0.85,163,137,11,64
W010,H/E,West,12,23,0,0.15,72,108,57,42
W023,S,East,3,3,1,0.7,60,113,10,36
W021,R/N,West,6,15,0,0.05,62,58,19,26
W018,P/N,West,7,13,0,0.13,43,107,11,31
W004,D,South,3,23,1,0.95,88,145,36,51
W022,R/S,West,5,15,0,0.01,39,42,17,18
W002,B,South,1,28,0,0.08,39,96,28,30
W002,B,South,2,17,0,0.03,42,58,41,24
W023,S,East,3,1,1,0.7,128,131,38,57
W008,G/N,Central,1,27,0,0.07,64,83,13,31
W022,R/S,West,4,16,0,0.05,38,45,10,18
W016,M/W,East,7,19,0,0.06,75,70,10,31
W011,H/W,West,5,4,0,0.05,56,93,10,31
W017,N,East,6,20,0,0.02,81,82,28,36
W002,B,South,6,26,0,0.05,81,98,58,42
W013,K/W,West,6,12,0,0.01,64,74,51,33
W002,B,South,11,7,1,0.95,142,197,13,72
W009,G/S,Central,5,24,0,0.15,30,96,13,26
W012,K/E,West,4,24,0,0.12,43,48,26,21
W012,K/E,West,3,19,1,0.85,96,168,41,58
W017,N,East,9,6,1,0.7,100,150,16,53
W014,L,East,7,28,0,0.0,76,77,10,33
W016,M/W,East,5,21,0,0.01,50,70,28,27
W006,F/N,Central,3,3,1,0.9,134,109,29,54
W019,P/S,West,3,28,1,0.85,77,98,25,38
W010,H/E,West,9,10,1,0.85,68,173,12,50
W013,K/W,West,10,12,1,0.85,111,140,60,57
W013,K/W,West,11,22,0,0.09,90,75,18,36
W024,T,East,9,22,1,0.7,108,157,33,58
W019,P/S,West,3,10,0,0.0,38,71,34,25
W008,G/N,Central,4,21,0,0.14,95,59,49,36
W021,R/N,West,3,24,1,0.85,140,123,23,57
W019,P/S,West,3,11,1,0.85,121,123,19,53
W003,C,South,9,22,1,0.95,171,160,25,72
W013,K/W,West,9,28,0,0.07,41,71,13,24
W009,G/S,Central,2,18,0,0.0,29,41,46,18
W011,H/W,West,1,10,0,0.09,36,49,34,20
W016,M/W,East,9,5,1,0.7,80,112,15,41
W013,K/W,West,4,14,0,0.03,80,77,17,34
W016,M/W,East,7,24,0,0.11,80,105,17,40
W023,S,East,11,17,1,0.7,126,142,37,59
W019,P/S,West,4,27,0,0.11,86,72,58,38
W003,C,South,8,3,1,0.95,119,139,49,58
W018,P/N,West,1,8,0,0.02,38,76,26,25
W018,P/N,West,8,22,1,0.85,74,130,23,44
W016,M/W,East,7,24,0,0.13,37,49,17,19
W021,R/N,West,1,12,0,0.11,42,59,13,22
W017,N,East,12,2,0,0.07,33,84,60,28
W009,G/S,Central,2,6,0,0.04,41,82,59,30
W017,N,East,4,18,0,0.01,37,50,16,19
W015,M/E,East,1,22,0,0.09,40,100,21,30
W001,A,South,3,15,0,0.13,98,99,40,44
W019,P/S,West,3,11,1,0.85,56,135,59,44
W015,M/E,East,2,28,0,0.11,49,85,17,29
W001,A,South,2,21,0,0.13,59,96,50,36
W010,H/E,West,2,26,0,0.1,94,100,38,44
W024,T,East,2,3,0,0.08,52,96,36,33
W023,S,East,12,24,0,0.0,43,41,33,20
W013,K/W,West,4,20,0,0.04,66,65,41,30
W024,T,East,5,20,0,0.08,30,60,31,21
W010,H/E,West,1,28,0,0.04,74,63,37,32
W013,K/W,West,5,8,0,0.1,68,53,13,26
W017,N,East,12,21,0,0.13,89,77,22,37
W015,M/E,East,12,14,0,0.02,84,88,18,37
W017,N,East,10,5,0,0.14,60,64,32,28
W016,M/W,East,5,15,0,0.12,43,98,51,33
W010,H/E,West,3,18,1,0.85,152,133,38,63
W009,G/S,Central,4,13,0,0.03,40,89,51,30
W013,K/W,West,2,26,0,0.03,82,85,57,39
W015,M/E,East,3,28,1,0.7,160,90,26,55
W008,G/N,Central,4,6,0,0.03,66,48,49,28
W013,K/W,West,10,19,1,0.85,161,120,27,62
W009,G/S,Central,10,4,1,0.9,84,193,24,59
W018,P/N,West,6,4,0,0.07,72,44,24,26
W007,F/S,South,1,17,0,0.05,48,54,40,24
W018,P/N,West,12,15,0,0.13,54,65,34,27
W008,G/N,Central,9,5,1,0.9,147,164,44,69
W016,M/W,East,6,26,0,0.07,58,94,40,34
W017,N,East,7,1,0,0.02,41,83,23,27
W004,D,South,5,5,0,0.04,37,61,31,22
W017,N,East,7,20,0,0.08,57,68,26,28
W005,E,South,4,8,0,0.03,78,60,60,34
W019,P/S,West,6,10,0,0.13,97,102,43,45
W018,P/N,West,1,7,0,0.07,51,68,22,26
W014,L,East,5,19,0,0.06,48,50,58,25
W008,G/N,Central,6,11,0,0.14,90,84,19,38
W002,B,South,1,10,0,0.03,81,78,40,36
W017,N,East,8,14,1,0.7,160,152,56,70
W016,M/W,East,7,23,0,0.11,35,83,21,26
W004,D,South,6,18,0,0.01,74,43,37,28
W008,G/N,Central,8,23,1,0.9,130,177,21,66
W021,R/N,West,10,24,1,0.85,147,88,35,53
W019,P/S,West,6,22,0,0.15,79,87,19,36
W001,A,South,3,15,1,0.95,61,124,52,42
W019,P/S,West,9,9,1,0.85,120,191,52,69
W005,E,South,8,5,1,0.95,165,178,22,74
W002,B,South,10,27,1,0.95,186,140,38,72
W022,R/S,West,10,28,1,0.85,112,138,31,55
W007,F/S,South,4,5,0,0.11,36,95,33,29
W009,G/S,Central,4,23,0,0.12,86,49,22,30
W017,N,East,10,13,0,0.02,40,82,46,28
W013,K/W,West,3,24,1,0.85,142,117,22,57
W002,B,South,9,20,0,0.07,92,90,47,42
W023,S,East,5,17,0,0.12,95,91,52,43
W022,R/S,West,11,25,1,0.85,131,119,31,55
W015,M/E,East,6,6,0,0.12,81,55,34,31
W009,G/S,Central,5,19,0,0.15,62,80,18,31
W009,G/S,Central,3,19,1,0.9,98,100,45,45
W021,R/N,West,8,3,1,0.85,129,154,47,63
W002,B,South,1,24,0,0.13,92,82,27,39
W007,F/S,South,1,21,0,0.01,53,74,52,30
W012,K/E,West,5,22,0,0.04,81,57,28,31
W002,B,South,7,15,0,0.14,58,100,27,35
W018,P/N,West,10,23,0,0.01,75,68,49,34
W007,F/S,South,10,10,1,0.95,98,144,51,54
W024,T,East,6,5,0,0.08,59,54,25,25
W006,F/N,Central,10,2,1,0.9,142,160,13,64
W003,C,South,6,1,0,0.04,73,81,31,34
W011,H/W,West,5,26,0,0.05,75,85,26,35
W008,G/N,Central,11,13,1,0.9,99,202,59,67
W019,P/S,West,8,26,1,0.85,91,197,30,62
W014,L,East,12,3,0,0.02,27,43,31,17
W007,F/S,South,4,6,0,0.07,62,56,22,26
W009,G/S,Central,8,22,1,0.9,183,115,16,65
W014,L,East,6,7,0,0.0,37,70,55,26
W018,P/N,West,10,17,1,0.85,59,141,21,43
W019,P/S,West,8,26,0,0.09,34,94,51,30
W024,T,East,6,15,0,0.1,74,82,13,34
W009,G/S,Central,5,10,0,0.08,90,98,38,42
W023,S,East,4,9,0,0.01,28,86,15,24
W024,T,East,8,1,1,0.7,86,107,12,41
W001,A,South,2,22,0,0.06,49,63,38,26
W019,P/S,West,12,4,0,0.09,73,72,12,31
W022,R/S,West,9,24,1,0.85,146,157,22,65
W022,R/S,West,9,14,1,0.85,122,171,21,63
W015,M/E,East,10,1,1,0.7,109,145,53,57
W005,E,South,11,28,1,0.95,175,182,40,78
W003,C,South,3,17,0,0.05,50,53,22,23
W002,B,South,8,2,1,0.95,86,160,16,52
W011,H/W,West,8,9,1,0.85,131,106,53,54
W011,H/W,West,10,24,1,0.85,75,102,44,40
W018,P/N,West,4,18,0,0.06,55,95,25,33
W008,G/N,Central,6,14,0,0.01,49,65,59,28
W010,H/E,West,3,10,1,0.85,167,123,37,64
W002,B,South,6,19,0,0.06,83,53,51,33
W015,M/E,East,6,17,0,0.05,61,49,47,27
W022,R/S,West,7,4,0,0.13,69,54,10,27
W005,E,South,3,10,1,0.95,156,108,36,59
W013,K/W,West,7,4,0,0.0,52,69,55,29
W011,H/W,West,2,25,0,0.1,68,97,13,35
W015,M/E,East,10,9,1,0.7,79,152,49,51
W016,M/W,East,9,25,1,0.7,116,155,27,59
W010,H/E,West,1,4,0,0.13,69,66,14,29
W009,G/S,Central,8,21,1,0.9,130,134,33,58
W007,F/S,South,10,9,1,0.95,114,119,14,50
W004,D,South,10,14,1,0.95,175,116,22,64
W012,K/E,West,3,1,1,0.85,107,141,24,54
W012,K/E,West,8,1,1,0.85,162,141,45,68
W008,G/N,Central,2,20,0,0.02,36,58,40,22
W008,G/N,Central,12,5,0,0.04,87,72,13,34
W004,D,South,9,12,1,0.95,78,111,35,42
W017,N,East,2,24,0,0.0,41,84,13,27
W012,K/E,West,6,2,0,0.11,70,104,29,38
W016,M/W,East,2,6,0,0.02,85,46,11,29
W022,R/S,West,5,22,0,0.08,34,71,53,25
W018,P/N,West,6,19,0,0.13,55,98,39,34
W006,F/N,Central,7,10,0,0.05,46,44,33,21
W002,B,South,5,24,0,0.08,66,73,27,31
W006,F/N,Central,3,16,1,0.9,100,123,37,49
W008,G/N,Central,6,28,0,0.03,35,50,27,19
W023,S,East,5,27,0,0.12,96,49,19,32
W003,C,South,2,25,0,0.06,89,53,56,34
W003,C,South,5,11,0,0.04,83,64,39,34
W018,P/N,West,2,23,0,0.05,31,46,30,18
W011,H/W,West,10,28,0,0.08,63,80,51,34
W013,K/W,West,9,26,1,0.85,97,193,36,63
W018,P/N,West,3,2,0,0.12,41,107,42,33
W014,L,East,4,18,0,0.11,54,56,27,25
W009,G/S,Central,3,18,1,0.9,178,178,16,76
W012,K/E,West,6,2,0,0.09,61,81,16,31
W004,D,South,5,18,0,0.11,28,105,25,29
W021,R/N,West,6,26,0,0.02,35,75,39,25
W016,M/W,East,3,27,1,0.7,149,153,52,68
W016,M/W,East,3,6,1,0.7,80,105,23,40
W015,M/E,East,10,10,1,0.7,130,166,51,66
W004,D,South,7,18,0,0.07,86,60,24,33
W009,G/S,Central,12,26,0,0.1,82,63,54,35
W021,R/N,West,1,17,0,0.09,53,96,12,32
W017,N,East,8,1,0,0.07,64,48,54,28
W013,K/W,West,12,8,0,0.05,44,76,24,26
W018,P/N,West,11,2,0,0.13,91,99,31,42
W008,G/N,Central,11,22,1,0.9,152,171,14,69
W016,M/W,East,11,26,0,0.03,70,50,31,28
W002,B,South,12,10,0,0.02,83,42,22,28
W018,P/N,West,12,16,0,0.02,55,42,34,23
W010,H/E,West,5,1,0,0.06,57,93,29,33
W005,E,South,1,17,0,0.11,35,89,38,28
W004,D,South,10,6,1,0.95,128,106,36,52
W011,H/W,West,5,26,0,0.04,58,92,23,33
W013,K/W,West,11,4,1,0.85,175,110,12,62
W007,F/S,South,4,7,0,0.03,71,51,48,29
W008,G/N,Central,4,14,0,0.1,83,73,52,37
W010,H/E,West,2,3,0,0.04,46,58,52,25
W008,G/N,Central,7,28,0,0.03,69,69,43,32
W001,A,South,3,9,0,0.03,49,45,38,22
W004,D,South,3,13,1,0.95,155,179,22,72
W004,D,South,3,19,0,0.02,44,70,27,25
W019,P/S,West,9,3,0,0.03,85,92,27,39
W017,N,East,8,20,1,0.7,140,129,47,60
W003,C,South,5,16,0,0.09,83,51,32,31
W021,R/N,West,2,4,0,0.11,53,57,49,27
W002,B,South,4,20,0,0.01,81,58,34,32
W024,T,East,4,2,0,0.03,36,64,41,23
W007,F/S,South,1,6,0,0.04,40,96,49,31
W002,B,South,1,20,0,0.1,57,84,34,32
W007,F/S,South,9,26,1,0.95,74,140,51,48
W022,R/S,West,9,16,1,0.85,105,157,34,57
W013,K/W,West,10,13,1,0.85,113,103,47,49
W003,C,South,11,24,0,0.06,49,72,15,26
W022,R/S,West,10,4,1,0.85,94,145,51,53
W022,R/S,West,11,21,1,0.85,101,170,17,58
W003,C,South,7,22,0,0.05,39,60,27,22
W004,D,South,5,23,0,0.13,67,51,56,29
W009,G/S,Central,6,20,0,0.03,64,67,12,28
W003,C,South,11,19,1,0.95,101,146,28,54
W018,P/N,West,4,7,0,0.1,95,55,55,36
W006,F/N,Central,1,8,0,0.04,79,80,30,36
W020,R/C,West,2,15,0,0.05,74,66,18,31
W003,C,South,3,9,1,0.95,151,156,28,67
W012,K/E,West,3,6,1,0.85,127,168,59,66
W020,R/C,West,12,28,0,0.03,63,82,17,31
W007,F/S,South,5,6,0,0.08,87,91,21,39
W014,L,East,7,25,0,0.06,75,95,33,38
W011,H/W,West,8,10,0,0.04,78,63,50,33
W024,T,East,9,13,1,0.7,56,84,23,31
W015,M/E,East,6,2,0,0.01,67,69,20,30
W003,C,South,1,2,0,0.02,39,70,53,26
W010,H/E,West,5,27,0,0.1,52,66,16,26
W016,M/W,East,2,14,0,0.08,45,91,57,32
W011,H/W,West,3,20,1,0.85,142,114,47,58
W018,P/N,West,11,12,1,0.85,141,117,44,58
W004,D,South,7,16,0,0.06,27,47,43,18
W015,M/E,East,11,14,1,0.7,83,88,39,39
W018,P/N,West,5,11,0,0.05,52,92,43,33
W006,F/N,Central,3,27,0,0.14,67,58,15,27
W001,A,South,12,26,0,0.1,78,92,46,39
W011,H/W,West,8,10,0,0.0,70,67,19,30
W001,A,South,2,22,0,0.13,81,105,31,41
W021,R/N,West,2,8,0,0.13,80,72,26,34
W021,R/N,West,10,14,1,0.85,78,117,12,41
W013,K/W,West,6,4,0,0.09,81,88,26,37
W011,H/W,West,2,12,0,0.08,32,59,57,23
W022,R/S,West,11,15,1,0.85,110,143,50,57
W020,R/C,West,1,5,0,0.02,64,78,43,33
W003,C,South,8,17,1,0.95,182,183,43,80
W014,L,East,5,19,0,0.01,35,86,38,27
W020,R/C,West,11,14,1,0.85,141,161,32,66
W014,L,East,8,9,1,0.7,154,163,20,68
W016,M/W,East,11,12,1,0.7,159,110,52,61
W017,N,East,5,6,0,0.11,44,100,21,31
W023,S,East,5,11,0,0.07,85,78,54,38
W018,P/N,West,6,6,0,0.02,72,60,36,30
W021,R/N,West,3,2,1,0.85,141,91,39,52
W002,B,South,8,24,0,0.06,41,90,15,28
W008,G/N,Central,6,27,0,0.12,78,82,18,35
W002,B,South,7,10,0,0.05,57,95,32,34
W002,B,South,3,20,1,0.95,144,101,26,54
W001,A,South,5,23,0,0.13,33,69,30,23
W006,F/N,Central,1,23,0,0.15,62,84,43,33
W018,P/N,West,11,18,1,0.85,167,191,35,78
W020,R/C,West,12,21,0,0.01,55,91,42,33
W007,F/S,South,3,15,0,0.07,62,81,11,30
W007,F/S,South,7,4,0,0.06,79,84,18,35
W018,P/N,West,7,16,0,0.06,51,94,29,32
W023,S,East,11,2,1,0.7,98,108,45,47
W014,L,East,6,10,0,0.02,44,80,10,26
W022,R/S,West,8,7,0,0.06,56,95,13,32
W013,K/W,West,8,26,1,0.85,105,121,14,48
W012,K/E,West,7,20,0,0.04,29,76,41,24
W001,A,South,12,4,0,0.11,77,65,26,32
W019,P/S,West,7,6,0,0.04,45,73,33,27
W016,M/W,East,1,25,0,0.0,54,53,40,25
W019,P/S,West,4,15,0,0.08,80,102,58,42
W019,P/S,West,4,22,0,0.01,43,41,32,20
W024,T,East,10,22,1,0.7,51,159,42,46
W011,H/W,West,9,10,1,0.85,56,172,14,48
W016,M/W,East,8,22,1,0.7,106,141,50,55
W004,D,South,12,24,0,0.12,62,95,28,35
W009,G/S,Central,11,28,1,0.9,74,136,39,46
W003,C,South,4,8,0,0.12,55,105,12,34
W022,R/S,West,9,15,1,0.85,79,175,23,54
W024,T,East,3,14,0,0.15,97,110,53,47
W007,F/S,South,8,9,1,0.95,88,102,60,44
W014,L,East,5,2,0,0.02,69,58,56,31
W017,N,East,10,12,0,0.03,47,89,43,31
W001,A,South,5,9,0,0.05,32,44,50,19
W022,R/S,West,6,20,0,0.13,85,70,20,34
W018,P/N,West,11,22,1,0.85,102,143,32,53
W012,K/E,West,4,15,0,0.04,53,88,24,31
W015,M/E,East,5,28,0,0.11,33,101,52,31
W004,D,South,2,26,0,0.07,85,64,31,34
W006,F/N,Central,12,13,0,0.08,82,59,54,34
W009,G/S,Central,7,7,0,0.08,34,47,29,19
W010,H/E,West,4,2,0,0.04,81,78,26,35
W017,N,East,8,27,1,0.7,149,158,16,66
W004,D,South,7,21,0,0.15,45,63,30,24
W020,R/C,West,8,7,1,0.85,81,150,13,49
W022,R/S,West,9,13,1,0.85,73,135,57,47
W023,S,East,8,3,1,0.7,74,170,22,52
W001,A,South,7,18,0,0.02,63,48,45,27
W023,S,East,6,12,0,0.13,66,56,33,28
W008,G/N,Central,4,5,0,0.03,59,52,37,26
W011,H/W,West,2,6,0,0.12,63,87,51,35
W006,F/N,Central,6,27,0,0.04,84,47,47,31
W004,D,South,10,4,0,0.09,85,90,19,38
W016,M/W,East,1,6,0,0.15,60,53,18,25
W002,B,South,6,19,0,0.1,46,88,23,29
W021,R/N,West,5,18,0,0.06,48,62,50,26
W013,K/W,West,12,7,0,0.03,85,48,57,33
W023,S,East,4,7,0,0.14,60,85,48,34
W005,E,South,5,23,0,0.13,77,81,14,34
W021,R/N,West,2,10,0,0.02,82,46,52,31
W007,F/S,South,3,28,1,0.95,185,167,56,79
W021,R/N,West,8,21,1,0.85,122,121,36,54
W018,P/N,West,9,5,0,0.14,89,65,60,37
W010,H/E,West,4,24,0,0.1,38,73,21,24
W008,G/N,Central,12,23,0,0.13,73,58,48,31
W010,H/E,West,1,27,0,0.11,96,51,18,33
W022,R/S,West,2,2,0,0.11,32,76,51,26
W002,B,South,12,7,0,0.14,30,73,10,22
W019,P/S,West,11,15,1,0.85,138,124,21,57
W017,N,East,4,5,0,0.06,85,62,10,32
W002,B,South,3,10,1,0.95,65,121,60,43
W016,M/W,East,2,22,0,0.14,63,66,35,30
W013,K/W,West,9,8,1,0.85,155,159,30,68
W006,F/N,Central,9,18,1,0.9,163,115,20,61
W022,R/S,West,7,26,0,0.15,65,65,31,29
W024,T,East,12,21,0,0.04,26,44,45,18
W004,D,South,11,21,0,0.01,66,72,14,30
W021,R/N,West,7,3,0,0.14,46,109,15,33
W016,M/W,East,5,28,0,0.01,66,66,46,31
W006,F/N,Central,11,7,1,0.9,131,170,45,66
W001,A,South,8,18,1,0.95,153,130,57,64
W011,H/W,West,10,15,1,0.85,80,188,49,59
W016,M/W,East,5,2,0,0.12,69,101,57,40
W013,K/W,West,1,6,0,0.02,56,82,39,31
W013,K/W,West,2,24,0,0.12,64,66,28,29
W024,T,East,6,9,0,0.07,72,52,25,28
W009,G/S,Central,12,23,0,0.12,78,70,10,32
W014,L,East,8,8,1,0.7,149,84,22,51
W008,G/N,Central,9,12,1,0.9,81,98,53,41
W015,M/E,East,7,22,0,0.05,42,68,33,25
W008,G/N,Central,7,21,0,0.14,47,62,60,27
W016,M/W,East,6,14,0,0.02,64,82,52,34
W020,R/C,West,6,2,0,0.05,85,91,34,39
W012,K/E,West,6,26,0,0.1,94,62,40,36
W006,F/N,Central,11,20,0,0.05,43,47,41,22
W014,L,East,8,1,0,0.09,72,69,36,32
W024,T,East,6,9,0,0.12,97,92,27,42
W019,P/S,West,3,24,1,0.85,86,179,20,56
W023,S,East,3,27,1,0.7,60,104,26,36
W011,H/W,West,10,4,1,0.85,143,106,34,55
W020,R/C,West,12,20,0,0.12,70,80,25,33
W024,T,East,2,22,0,0.13,54,106,21,34
W021,R/N,West,4,25,0,0.08,67,87,35,35
W002,B,South,5,10,0,0.12,36,62,14,21
W019,P/S,West,7,25,0,0.0,58,62,41,28
W002,B,South,6,12,0,0.02,49,43,37,22
W014,L,East,2,24,0,0.12,97,60,47,37
W017,N,East,3,18,1,0.7,83,123,13,44
W010,H/E,West,8,18,1,0.85,124,145,46,60
W020,R/C,West,5,21,0,0.09,31,93,37,28
W023,S,East,3,8,1,0.7,93,132,50,51
W024,T,East,12,8,0,0.07,90,76,60,39
W009,G/S,Central,11,18,0,0.04,43,74,17,25
W012,K/E,West,5,1,0,0.07,89,89,34,40
W006,F/N,Central,7,3,0,0.11,90,76,13,36
W011,H/W,West,8,20,0,0.02,73,79,34,34
W013,K/W,West,2,8,0,0.08,42,98,43,32
W016,M/W,East,12,26,0,0.1,50,64,37,26
W017,N,East,5,21,0,0.08,32,86,35,27
W012,K/E,West,10,27,1,0.85,152,198,38,76
W012,K/E,West,1,7,0,0.01,43,59,26,23
W018,P/N,West,1,23,0,0.05,60,69,45,30
W017,N,East,2,21,0,0.14,74,75,39,34
W014,L,East,7,17,0,0.14,95,95,56,44
W021,R/N,West,1,23,0,0.05,45,65,39,26
W009,G/S,Central,5,3,0,0.1,93,55,24,33
W008,G/N,Central,9,13,1,0.9,131,156,35,63
W010,H/E,West,10,11,1,0.85,79,109,39,42
W007,F/S,South,5,22,0,0.02,75,50,60,31
W022,R/S,West,10,2,1,0.85,174,171,54,77
W010,H/E,West,10,17,1,0.85,107,153,42,57
W005,E,South,2,15,0,0.11,69,75,17,31
W018,P/N,West,1,10,0,0.09,73,65,32,31
W023,S,East,4,21,0,0.14,47,78,40,29
W018,P/N,West,5,12,0,0.12,34,91,18,27
W003,C,South,1,1,0,0.1,76,99,30,39
W006,F/N,Central,8,12,1,0.9,76,120,39,44
W020,R/C,West,10,23,1,0.85,161,160,52,72
W024,T,East,9,1,1,0.7,160,127,14,62
W005,E,South,4,8,0,0.02,57,59,10,25
W008,G/N,Central,1,9,0,0.0,81,80,56,38
W014,L,East,2,17,0,0.1,88,89,37,40
W013,K/W,West,11,6,0,0.04,60,92,50,35
W019,P/S,West,10,11,1,0.85,79,115,45,44
W005,E,South,7,15,0,0.06,42,48,23,20
W006,F/N,Central,12,16,0,0.04,67,83,41,34
W003,C,South,5,2,0,0.05,72,93,55,38
W018,P/N,West,10,3,0,0.13,30,57,47,21
W016,M/W,East,11,5,1,0.7,59,113,39,38
W007,F/S,South,2,1,0,0.15,50,86,21,30
W002,B,South,7,13,0,0.06,80,83,20,36
W009,G/S,Central,1,20,0,0.1,93,85,29,40
W001,A,South,11,19,0,0.1,51,84,49,31
W005,E,South,5,14,0,0.09,34,46,41,19
W015,M/E,East,6,1,0,0.09,60,69,36,30
W006,F/N,Central,4,6,0,0.14,85,92,49,41
W020,R/C,West,2,12,0,0.15,51,64,42,27
W017,N,East,4,2,0,0.01,48,60,53,26
W021,R/N,West,8,13,1,0.85,119,169,11,61
W010,H/E,West,2,23,0,0.03,86,58,23,32
W013,K/W,West,7,4,0,0.05,52,80,12,28
W015,M/E,East,11,6,1,0.7,160,164,41,71
W004,D,South,2,3,0,0.04,60,56,36,27
W004,D,South,1,19,0,0.01,39,89,59,31
W003,C,South,11,21,1,0.95,58,165,17,47
W006,F/N,Central,11,27,1,0.9,116,167,31,61
W001,A,South,5,22,0,0.03,68,78,24,32
W007,F/S,South,8,23,0,0.07,36,57,20,21
W016,M/W,East,9,11,1,0.7,64,160,19,47
W002,B,South,7,19,0,0.07,72,79,42,35
W004,D,South,2,12,0,0.14,77,63,38,32
W006,F/N,Central,4,28,0,0.01,80,66,41,34
W007,F/S,South,4,16,0,0.13,73,80,39,35
W011,H/W,West,3,7,1,0.85,91,147,34,52
W011,H/W,West,8,27,0,0.1,72,70,11,31
W001,A,South,2,6,0,0.03,85,43,36,30
W019,P/S,West,12,20,0,0.1,55,66,22,27
W015,M/E,East,9,28,1,0.7,113,83,16,43
W024,T,East,9,26,1,0.7,144,170,51,70
W022,R/S,West,7,5,0,0.09,92,58,11,33
W006,F/N,Central,2,6,0,0.09,39,70,15,23
W001,A,South,9,1,0,0.14,62,65,46,30
W009,G/S,Central,6,10,0,0.0,65,90,33,35
W016,M/W,East,11,5,1,0.7,90,146,35,52
W021,R/N,West,4,26,0,0.06,52,81,60,32
W011,H/W,West,12,24,0,0.15,61,89,49,35
W013,K/W,West,5,9,0,0.04,89,58,51,35
W019,P/S,West,12,18,0,0.12,89,99,24,41
W019,P/S,West,10,9,1,0.85,71,201,41,59
W013,K/W,West,4,5,0,0.12,45,65,20,24
W023,S,East,3,26,0,0.09,42,71,33,26
W003,C,South,9,27,1,0.95,158,177,26,72
W020,R/C,West,11,26,0,0.02,46,60,23,24
W010,H/E,West,4,10,0,0.08,64,100,30,36
W010,H/E,West,5,11,0,0.14,87,94,35,41
W009,G/S,Central,4,15,0,0.02,31,53,47,21
W015,M/E,East,6,3,0,0.1,57,67,57,30
W003,C,South,6,4,0,0.09,71,78,13,32
W020,R/C,West,12,15,0,0.08,70,90,16,34
W023,S,East,8,27,1,0.7,135,92,10,49
W013,K/W,West,2,15,0,0.08,41,98,54,32
W016,M/W,East,7,18,0,0.02,76,44,11,26
W019,P/S,West,5,16,0,0.14,74,107,36,40
W021,R/N,West,9,19,1,0.85,169,122,23,64
W010,H/E,West,10,27,1,0.85,146,182,12,70
W019,P/S,West,4,18,0,0.07,85,67,24,34
W017,N,East,11,23,1,0.7,126,124,39,56
W014,L,East,8,23,1,0.7,122,100,31,49
W024,T,East,3,28,0,0.15,52,63,59,28
W019,P/S,West,2,8,0,0.13,39,60,27,22
W008,G/N,Central,7,11,0,0.08,74,52,19,28
W006,F/N,Central,9,23,1,0.9,140,157,18,64
W003,C,South,6,15,0,0.12,68,73,44,33
W016,M/W,East,11,4,1,0.7,155,119,34,61
W022,R/S,West,11,6,1,0.85,148,163,42,69
W017,N,East,11,7,1,0.7,93,171,25,57
W011,H/W,West,2,22,0,0.02,58,89,56,35
W002,B,South,2,4,0,0.1,43,97,10,29
W007,F/S,South,9,2,0,0.12,34,80,25,25
W005,E,South,2,27,0,0.09,32,60,49,22
W022,R/S,West,2,1,0,0.05,71,86,33,35
W017,N,East,4,15,0,0.1,85,76,30,36
W002,B,South,2,14,0,0.09,57,98,18,33
W022,R/S,West,4,28,0,0.01,29,90,33,27
W008,G/N,Central,6,21,0,0.08,32,89,51,28
W013,K/W,West,4,7,0,0.11,58,85,14,31
W003,C,South,6,18,0,0.05,76,44,51,29
W003,C,South,1,9,0,0.07,59,82,45,33
W024,T,East,1,15,0,0.01,73,87,53,37
W001,A,South,4,13,0,0.13,87,48,24,30
W019,P/S,West,9,26,0,0.11,90,98,20,41
W002,B,South,12,21,0,0.07,40,56,41,23
W024,T,East,1,7,0,0.06,56,45,36,24
W007,F/S,South,12,19,0,0.11,48,75,44,29
W017,N,East,10,23,1,0.7,85,129,14,45
W023,S,East,12,7,0,0.13,46,108,14,33
W024,T,East,9,1,1,0.7,101,175,16,58
W023,S,East,2,20,0,0.07,45,69,60,28
W001,A,South,2,27,0,0.12,58,52,11,24
W024,T,East,7,2,0,0.05,79,52,27,30
W003,C,South,4,6,0,0.13,39,108,33,32
W008,G/N,Central,1,26,0,0.14,51,100,12,32
W022,R/S,West,2,5,0,0.06,63,52,21,26
W018,P/N,West,8,7,0,0.12,46,69,58,28
W009,G/S,Central,4,28,0,0.14,94,82,21,39
W013,K/W,West,9,3,1,0.85,94,176,50,60
W024,T,East,10,2,1,0.7,123,136,37,57
W024,T,East,8,13,1,0.7,102,142,24,53
W003,C,South,5,15,0,0.0,42,45,19,19
W005,E,South,2,8,0,0.04,54,77,10,28
W021,R/N,West,9,9,0,0.01,47,75,18,26
W016,M/W,East,11,25,0,0.07,52,68,53,29
W015,M/E,East,10,25,1,0.7,149,104,41,57
W019,P/S,West,7,25,0,0.01,26,57,47,20
W007,F/S,South,11,10,1,0.95,160,110,49,61
W016,M/W,East,8,21,1,0.7,123,129,37,56
W024,T,East,11,5,0,0.09,29,60,43,21
W002,B,South,9,2,1,0.95,132,104,48,54
W021,R/N,West,8,19,1,0.85,82,145,37,50
W007,F/S,South,7,1,0,0.01,82,72,15,33
W019,P/S,West,8,27,1,0.85,117,162,40,61
W022,R/S,West,3,13,1,0.85,101,141,48,54
W019,P/S,West,4,28,0,0.09,87,85,56,40
W014,L,East,8,15,1,0.7,65,145,46,47
W013,K/W,West,2,28,0,0.1,41,56,23,22
W019,P/S,West,4,25,0,0.0,30,70,59,25
W012,K/E,West,10,21,1,0.85,159,114,47,62
W005,E,South,11,24,1,0.95,57,100,58,37
W015,M/E,East,6,25,0,0.15,59,101,47,37
W022,R/S,West,8,24,1,0.85,62,102,14,35
W010,H/E,West,4,18,0,0.15,35,64,18,22
W022,R/S,West,11,6,1,0.85,122,88,39,47
W014,L,East,9,9,1,0.7,134,139,48,61
W001,A,South,7,22,0,0.05,76,94,48,39
W024,T,East,7,14,0,0.05,32,79,56,27
W003,C,South,6,2,0,0.07,84,77,60,38
W016,M/W,East,2,4,0,0.08,59,89,38,33
W008,G/N,Central,11,28,1,0.9,105,151,39,56
W007,F/S,South,7,11,0,0.05,62,86,15,32
W004,D,South,1,26,0,0.07,37,71,52,26
W008,G/N,Central,10,15,0,0.11,85,63,41,34
W009,G/S,Central,2,20,0,0.02,47,55,34,24
W007,F/S,South,11,12,1,0.95,77,103,22,39
W015,M/E,East,11,8,1,0.7,113,95,56,48
W003,C,South,3,24,1,0.95,76,160,49,52
W002,B,South,7,15,0,0.13,48,87,51,32
W011,H/W,West,12,14,0,0.02,74,62,22,30
W016,M/W,East,5,16,0,0.0,66,58,50,30
W017,N,East,2,21,0,0.1,49,93,58,33
W020,R/C,West,12,14,0,0.04,56,70,47,30
W001,A,South,11,11,1,0.95,173,172,27,75
W006,F/N,Central,4,15,0,0.08,59,69,21,28
W014,L,East,5,13,0,0.06,54,89,22,31
W008,G/N,Central,10,15,1,0.9,116,135,16,54
W022,R/S,West,1,13,0,0.11,91,85,17,38
W021,R/N,West,10,1,0,0.14,82,51,21,30
W011,H/W,West,10,28,1,0.85,97,198,55,65
W007,F/S,South,11,27,1,0.95,58,199,20,54
W016,M/W,East,7,1,0,0.14,50,96,16,31
W020,R/C,West,9,21,1,0.85,171,126,17,64
W013,K/W,West,12,6,0,0.15,79,72,43,35
W010,H/E,West,1,27,0,0.07,92,85,11,38
W017,N,East,10,8,1,0.7,143,116,41,58
W009,G/S,Central,3,23,1,0.9,71,182,13,53
W013,K/W,West,3,1,0,0.13,70,53,56,30
W002,B,South,5,12,0,0.02,82,94,28,39
W018,P/N,West,4,12,0,0.06,53,54,13,23
W016,M/W,East,3,25,1,0.7,78,120,37,44
W014,L,East,1,3,0,0.04,42,46,31,20
W015,M/E,East,2,15,0,0.09,90,49,17,31
W007,F/S,South,6,26,0,0.11,96,58,57,37
W009,G/S,Central,9,18,1,0.9,163,97,26,58
W017,N,East,8,4,1,0.7,59,176,12,49
W024,T,East,4,22,0,0.14,39,68,35,25
W009,G/S,Central,12,16,0,0.09,64,81,17,31
W019,P/S,West,1,2,0,0.09,28,91,50,28
W007,F/S,South,8,13,0,0.12,39,51,46,22
W005,E,South,12,4,0,0.1,42,72,37,26
W010,H/E,West,5,22,0,0.08,30,76,29,24
W001,A,South,1,11,0,0.14,70,106,22,38
W004,D,South,4,6,0,0.04,80,53,26,30
W002,B,South,5,16,0,0.07,35,54,37,21
W014,L,East,11,28,0,0.04,76,59,21,30
W012,K/E,West,10,9,1,0.85,64,155,48,49
W005,E,South,12,17,0,0.03,82,46,14,28
W015,M/E,East,4,3,0,0.05,47,84,54,31
W014,L,East,5,24,0,0.02,67,44,56,28
W006,F/N,Central,5,12,0,0.03,29,52,16,18
W004,D,South,5,19,0,0.05,83,80,16,35
W001,A,South,12,7,0,0.07,29,86,31,26
W009,G/S,Central,12,3,0,0.0,70,58,34,29
W005,E,South,10,18,1,0.95,147,157,13,65
W001,A,South,4,6,0,0.05,62,52,38,27
W014,L,East,5,24,0,0.13,91,84,33,39
W004,D,South,7,27,0,0.09,69,88,10,33
W006,F/N,Central,3,2,1,0.9,160,193,60,79
W017,N,East,5,5,0,0.08,66,97,35,36
W006,F/N,Central,11,28,1,0.9,62,197,33,55
W023,S,East,2,16,0,0.0,69,66,29,30
W013,K/W,West,6,15,0,0.07,34,83,49,27
W008,G/N,Central,12,8,0,0.07,85,83,34,38
W024,T,East,10,26,1,0.7,113,82,33,44
W011,H/W,West,10,17,1,0.85,133,116,51,56
W021,R/N,West,9,15,1,0.85,132,187,21,68
W008,G/N,Central,2,12,0,0.02,57,49,46,26
W023,S,East,1,28,0,0.12,52,86,14,29
W023,S,East,6,18,0,0.04,67,64,15,29
W022,R/S,West,2,6,0,0.11,61,90,12,32
W019,P/S,West,7,28,0,0.1,77,65,60,34
W015,M/E,East,3,4,1,0.7,132,161,24,63
W016,M/W,East,3,4,0,0.02,37,79,56,28
W006,F/N,Central,7,18,0,0.06,79,48,35,30
W024,T,East,8,23,0,0.01,36,63,45,24
W016,M/W,East,9,13,0,0.07,59,71,41,30
W012,K/E,West,3,16,0,0.0,70,63,59,32
W021,R/N,West,6,9,0,0.08,45,96,17,30
W015,M/E,East,11,24,1,0.7,88,98,60,43
W006,F/N,Central,5,14,0,0.01,70,55,49,30
W019,P/S,West,3,28,0,0.01,67,83,42,34
W023,S,East,6,11,0,0.15,86,102,56,43
W001,A,South,1,20,0,0.01,34,89,13,26
W014,L,East,3,21,1,0.7,69,89,46,36
W023,S,East,9,22,0,0.04,52,73,45,29
W014,L,East,5,18,0,0.12,55,55,26,25
W005,E,South,9,14,1,0.95,188,171,55,80
W013,K/W,West,9,24,1,0.85,113,188,59,67
W015,M/E,East,10,3,0,0.08,91,78,44,39
W016,M/W,East,12,6,0,0.13,34,57,45,22
W011,H/W,West,12,3,0,0.11,90,104,52,44
W002,B,South,9,27,1,0.95,131,213,28,74
W011,H/W,West,2,1,0,0.12,71,91,19,35
W009,G/S,Central,2,27,0,0.14,84,56,30,32
W017,N,East,9,6,0,0.14,66,99,22,36
W018,P/N,West,12,2,0,0.12,59,85,55,34
W003,C,South,9,6,1,0.95,184,191,26,81
W023,S,East,5,12,0,0.15,42,93,41,31
W004,D,South,5,19,0,0.12,60,67,30,29
W003,C,South,9,8,0,0.14,58,82,34,32
W010,H/E,West,12,21,0,0.05,74,57,14,29
W002,B,South,3,8,1,0.95,94,163,40,56
W007,F/S,South,10,9,1,0.95,120,194,25,67
W014,L,East,9,3,1,0.7,73,99,41,39
W022,R/S,West,3,9,1,0.85,83,183,45,58
W006,F/N,Central,1,9,0,0.06,31,64,18,21
W011,H/W,West,10,27,1,0.85,133,178,43,68
W005,E,South,7,16,0,0.13,98,78,56,41
W014,L,East,1,19,0,0.06,59,67,42,29
W005,E,South,1,2,0,0.01,76,92,13,36
W009,G/S,Central,9,7,1,0.9,147,115,46,59
W021,R/N,West,5,28,0,0.12,51,91,56,33
W016,M/W,East,5,4,0,0.05,27,70,45,23
W005,E,South,3,18,1,0.95,148,134,28,62
W012,K/E,West,6,19,0,0.12,83,89,39,39
W018,P/N,West,4,19,0,0.03,70,44,38,27
W003,C,South,11,20,1,0.95,82,138,31,48
W003,C,South,4,12,0,0.13,61,72,59,32
W003,C,South,1,19,0,0.13,60,88,34,33
W015,M/E,East,8,23,1,0.7,48,155,42,44
W018,P/N,West,4,21,0,0.04,52,80,53,31
W006,F/N,Central,10,1,1,0.9,55,194,24,52
W018,P/N,West,9,7,0,0.07,70,48,56,29
W016,M/W,East,9,6,1,0.7,104,79,37,41
W008,G/N,Central,8,23,1,0.9,92,106,47,45
W014,L,East,9,16,1,0.7,132,149,15,60
W018,P/N,West,6,8,0,0.09,84,49,54,32
W001,A,South,7,21,0,0.01,62,48,42,26
W002,B,South,11,21,0,0.02,72,63,15,29
W009,G/S,Central,4,22,0,0.0,25,52,15,17
W022,R/S,West,3,8,1,0.85,52,128,21,38
W018,P/N,West,9,28,1,0.85,123,173,22,63
W013,K/W,West,7,5,0,0.15,60,94,23,34
W015,M/E,East,5,28,0,0.04,58,67,34,29
W002,B,South,8,20,0,0.0,34,42,10,16
W005,E,South,6,5,0,0.04,89,68,43,36
W018,P/N,West,4,4,0,0.04,72,76,10,32
W021,R/N,West,3,19,1,0.85,75,162,10,50
W015,M/E,East,12,3,0,0.04,80,69,26,33
W002,B,South,10,9,0,0.14,86,86,45,39
W005,E,South,10,17,1,0.95,149,158,38,67
W012,K/E,West,5,27,0,0.09,79,88,20,36
W010,H/E,West,8,2,0,0.1,81,83,31,37
W004,D,South,7,21,0,0.02,86,45,49,32
W018,P/N,West,1,24,0,0.09,93,102,57,45
W007,F/S,South,7,20,0,0.12,57,69,44,29
W020,R/C,West,5,15,0,0.03,71,74,54,34
W023,S,East,5,10,0,0.14,31,64,21,21
W020,R/C,West,12,7,0,0.01,38,62,37,23
W020,R/C,West,5,15,0,0.07,52,57,31,25
W020,R/C,West,2,8,0,0.14,66,72,16,30
W014,L,East,9,7,1,0.7,103,120,13,48
W014,L,East,1,4,0,0.09,85,92,33,40
W012,K/E,West,11,4,0,0.05,29,44,10,16
W021,R/N,West,8,25,1,0.85,100,183,37,61
W011,H/W,West,8,16,1,0.85,103,118,29,48
W022,R/S,West,3,6,1,0.85,151,151,18,65
W020,R/C,West,10,5,0,0.05,58,55,60,28
W019,P/S,West,3,20,0,0.13,77,57,54,32
W011,H/W,West,6,5,0,0.1,41,75,10,24
W010,H/E,West,2,15,0,0.13,65,83,21,32
W023,S,East,7,9,0,0.1,35,69,30,23
W004,D,South,5,23,0,0.1,43,91,45,31
W001,A,South,12,10,0,0.06,54,85,36,31
W017,N,East,6,9,0,0.1,74,94,42,38
W008,G/N,Central,11,2,0,0.08,67,86,42,35
W019,P/S,West,6,6,0,0.1,88,73,44,37
W014,L,East,2,2,0,0.01,49,51,18,22
W008,G/N,Central,6,26,0,0.12,41,101,39,32
W009,G/S,Central,11,19,1,0.9,108,110,24,48
W013,K/W,West,3,2,1,0.85,116,118,60,54
W020,R/C,West,4,24,0,0.12,56,67,37,28
W023,S,East,7,3,0,0.05,27,59,41,20
W004,D,South,2,25,0,0.11,78,76,55,36
W007,F/S,South,9,15,0,0.0,72,75,11,32
W018,P/N,West,10,10,0,0.0,42,71,48,27
W010,H/E,West,7,17,0,0.14,64,61,44,29
W008,G/N,Central,1,1,0,0.15,39,86,49,29
W014,L,East,2,22,0,0.14,92,63,51,37
W016,M/W,East,11,22,1,0.7,148,141,34,64
W021,R/N,West,3,12,1,0.85,120,131,39,56
W015,M/E,East,4,26,0,0.05,50,78,39,29
W018,P/N,West,11,6,1,0.85,165,145,33,68
W011,H/W,West,6,18,0,0.01,30,54,15,18
W012,K/E,West,11,1,1,0.85,95,178,34,59
W014,L,East,1,11,0,0.13,80,103,12,39
W019,P/S,West,3,28,1,0.85,142,177,46,70
W016,M/W,East,10,26,1,0.7,137,130,16,58
W001,A,South,1,4,0,0.02,34,44,34,19
W019,P/S,West,9,14,0,0.07,45,84,34,29
W015,M/E,East,4,17,0,0.1,65,47,59,28
W011,H/W,West,8,26,1,0.85,62,194,54,56
W013,K/W,West,9,28,1,0.85,62,132,41,43
W018,P/N,West,7,10,0,0.12,33,87,20,26
W024,T,East,5,1,0,0.05,72,89,26,35
W022,R/S,West,8,15,1,0.85,68,201,43,58
W022,R/S,West,4,2,0,0.03,32,65,58,24
W015,M/E,East,2,6,0,0.09,84,81,32,37
W001,A,South,11,23,0,0.11,96,48,60,35
W022,R/S,West,12,28,0,0.01,52,71,39,28
W002,B,South,6,25,0,0.06,80,51,57,32
W009,G/S,Central,6,26,0,0.05,52,91,43,33
W018,P/N,West,1,17,0,0.08,34,92,55,30
W013,K/W,West,7,11,0,0.03,71,54,60,31
W004,D,South,9,22,1,0.95,107,115,30,49
W001,A,South,8,13,1,0.95,125,166,15,62
W008,G/N,Central,7,18,0,0.11,95,102,23,43
W005,E,South,4,19,0,0.05,71,80,45,35
W012,K/E,West,9,23,1,0.85,77,144,52,50
W002,B,South,12,13,0,0.12,56,55,32,26
W011,H/W,West,5,15,0,0.08,91,83,30,39
W008,G/N,Central,8,20,1,0.9,99,96,56,45
W022,R/S,West,3,22,1,0.85,175,126,40,67
W018,P/N,West,3,6,1,0.85,138,170,12,65
W005,E,South,6,22,0,0.02,40,90,32,29
W010,H/E,West,1,7,0,0.07,53,64,20,26
W001,A,South,10,9,1,0.95,128,197,10,68
W014,L,East,12,9,0,0.13,33,107,49,32
W002,B,South,4,18,0,0.05,48,58,17,23
W011,H/W,West,1,27,0,0.15,71,67,25,31
W003,C,South,2,7,0,0.13,57,63,58,29
W001,A,South,6,24,0,0.06,69,62,53,31
W019,P/S,West,10,9,1,0.85,90,151,27,52
W021,R/N,West,1,21,0,0.03,54,92,16,31
W003,C,South,7,26,0,0.13,69,107,33,39
W024,T,East,7,25,0,0.06,72,47,42,28
W022,R/S,West,8,17,1,0.85,61,175,16,49
W013,K/W,West,1,2,0,0.12,55,48,59,26
W016,M/W,East,12,7,0,0.14,85,91,15,38
W005,E,South,11,15,1,0.95,94,203,11,62
W011,H/W,West,5,12,0,0.08,53,73,10,27
W007,F/S,South,6,10,0,0.09,67,102,57,39
W019,P/S,West,7,14,0,0.04,36,57,19,20
W016,M/W,East,12,15,0,0.14,100,47,28,34
W002,B,South,8,24,1,0.95,163,169,50,74
W003,C,South,5,11,0,0.04,45,49,54,23
W006,F/N,Central,6,26,0,0.04,28,69,44,23
W002,B,South,9,23,1,0.95,104,96,16,43
W015,M/E,East,11,26,1,0.7,56,136,33,42
W011,H/W,West,1,1,0,0.13,66,107,10,37
W004,D,South,7,25,0,0.06,69,90,41,36
W016,M/W,East,11,27,1,0.7,74,95,14,36
W008,G/N,Central,5,20,0,0.06,76,63,50,33
W024,T,East,8,24,1,0.7,73,140,42,47
W022,R/S,West,3,3,1,0.85,140,133,25,59
W004,D,South,5,3,0,0.05,86,63,12,32
W024,T,East,9,7,1,0.7,73,178,17,53
W013,K/W,West,3,6,1,0.85,80,167,18,52
W003,C,South,12,5,0,0.04,40,80,48,28
W001,A,South,12,23,0,0.07,65,83,12,32
W001,A,South,7,4,0,0.06,63,76,50,33
W022,R/S,West,8,8,1,0.85,113,93,56,48
W011,H/W,West,5,11,0,0.1,58,81,52,33
W014,L,East,9,20,1,0.7,130,137,32,59
W023,S,East,4,13,0,0.12,86,93,31,40
W019,P/S,West,11,23,0,0.12,75,56,32,30
W014,L,East,11,15,1,0.7,98,101,32,44
W006,F/N,Central,6,2,0,0.01,72,73,23,32
W018,P/N,West,4,23,0,0.09,78,102,45,41
W015,M/E,East,6,17,0,0.14,92,70,56,38
W006,F/N,Central,9,18,1,0.9,181,108,21,63
W014,L,East,8,9,1,0.7,131,95,29,50
W014,L,East,9,12,0,0.14,47,56,33,24
W016,M/W,East,4,6,0,0.04,75,64,51,33
W016,M/W,East,12,6,0,0.02,47,84,39,30
W001,A,South,2,18,0,0.06,58,45,49,25
W011,H/W,West,1,26,0,0.07,85,70,35,35
W022,R/S,West,4,13,0,0.11,49,93,16,30
W022,R/S,West,2,10,0,0.08,45,86,47,30
W011,H/W,West,1,11,0,0.06,48,85,16,29
W009,G/S,Central,6,19,0,0.07,50,100,34,33
W015,M/E,East,9,7,0,0.03,87,43,20,29
W012,K/E,West,7,17,0,0.07,40,87,13,27
W016,M/W,East,4,28,0,0.01,55,45,57,25
W007,F/S,South,2,12,0,0.04,56,73,47,30
W024,T,East,6,15,0,0.01,74,93,32,37
W006,F/N,Central,12,21,0,0.03,80,71,42,35
W015,M/E,East,6,24,0,0.07,32,81,59,27
W010,H/E,West,11,12,1,0.85,169,121,49,65
W017,N,East,10,6,1,0.7,51,139,20,40
W020,R/C,West,9,3,1,0.85,134,138,55,61
W022,R/S,West,6,16,0,0.01,41,63,34,24
W021,R/N,West,3,8,1,0.85,117,171,28,62
W015,M/E,East,8,11,0,0.08,91,74,35,37
W001,A,South,3,14,1,0.95,64,156,44,48
W008,G/N,Central,2,18,0,0.02,73,81,58,36
W009,G/S,Central,9,22,1,0.9,57,204,33,56
W024,T,East,11,16,1,0.7,157,131,12,62
W007,F/S,South,7,25,0,0.04,62,80,24,31
W022,R/S,West,6,28,0,0.07,35,56,18,20
W003,C,South,6,4,0,0.1,87,71,42,36
W005,E,South,8,10,1,0.95,143,124,11,57
W020,R/C,West,4,22,0,0.04,27,70,15,21
W019,P/S,West,8,22,0,0.0,81,65,45,34
W021,R/N,West,11,1,1,0.85,108,102,41,47
W018,P/N,West,5,20,0,0.13,39,90,27,28
W009,G/S,Central,2,1,0,0.08,39,96,40,30
W012,K/E,West,10,14,1,0.85,85,146,27,50
W004,D,South,3,7,1,0.95,135,174,33,67
W016,M/W,East,8,4,1,0.7,112,175,58,64
W005,E,South,9,22,1,0.95,188,135,29,71
W020,R/C,West,6,17,0,0.02,39,90,59,31
W003,C,South,8,17,0,0.01,51,74,48,29
W018,P/N,West,4,5,0,0.08,68,101,39,38
W019,P/S,West,7,1,0,0.14,43,63,22,23
W005,E,South,4,2,0,0.09,39,74,56,27
W013,K/W,West,7,11,0,0.13,55,52,53,26
W002,B,South,11,12,1,0.95,187,208,23,85
W024,T,East,8,21,1,0.7,143,113,17,56
W018,P/N,West,6,27,0,0.01,41,74,22,25
W008,G/N,Central,11,12,1,0.9,113,140,12,54
W016,M/W,East,6,17,0,0.02,86,54,30,32
W013,K/W,West,8,8,1,0.85,155,170,38,71
W007,F/S,South,12,22,0,0.11,89,47,52,33
W013,K/W,West,5,9,0,0.11,42,64,20,23
W020,R/C,West,9,21,1,0.85,125,178,34,66
W010,H/E,West,12,3,0,0.06,48,62,23,24
W009,G/S,Central,3,8,1,0.9,183,187,50,82
W022,R/S,West,9,18,1,0.85,64,112,46,40
W023,S,East,10,11,1,0.7,70,81,17,33
W003,C,South,6,5,0,0.03,38,95,57,31
W016,M/W,East,9,12,1,0.7,156,87,10,53
W001,A,South,8,22,0,0.1,56,98,47,35
W003,C,South,3,8,1,0.95,128,120,35,55
W016,M/W,East,6,27,0,0.03,32,85,16,25
W019,P/S,West,5,15,0,0.13,83,99,35,41
W021,R/N,West,11,11,1,0.85,82,130,24,46
W018,P/N,West,7,26,0,0.02,86,57,31,33
W020,R/C,West,1,24,0,0.09,30,96,48,29
W006,F/N,Central,1,3,0,0.01,71,44,10,25
W006,F/N,Central,5,4,0,0.08,76,46,10,27
W014,L,East,12,26,0,0.07,27,69,53,23
W020,R/C,West,12,13,0,0.11,35,94,30,28
W016,M/W,East,2,28,0,0.09,67,80,42,34
W007,F/S,South,3,26,1,0.95,80,174,46,56
W019,P/S,West,12,2,0,0.12,85,102,52,43
W007,F/S,South,10,10,0,0.03,83,78,28,36
W016,M/W,East,10,9,1,0.7,160,83,60,57
W005,E,South,5,1,0,0.13,92,75,39,38
W018,P/N,West,11,6,1,0.85,54,190,22,51
W013,K/W,West,3,15,1,0.85,146,119,10,57
W024,T,East,6,20,0,0.03,49,76,56,30
W018,P/N,West,8,26,1,0.85,83,159,15,51
W005,E,South,4,7,0,0.01,37,67,13,22
W023,S,East,7,3,0,0.08,72,100,21,37
W009,G/S,Central,1,26,0,0.04,35,88,14,26
W019,P/S,West,7,10,0,0.11,76,65,58,34
W012,K/E,West,2,19,0,0.12,95,55,16,33
W003,C,South,4,25,0,0.05,40,97,30,30
W013,K/W,West,11,8,0,0.04,72,53,37,29
W013,K/W,West,5,15,0,0.06,78,75,46,36
W012,K/E,West,9,9,1,0.85,122,129,18,54
W012,K/E,West,10,10,0,0.08,92,55,21,33
W003,C,South,5,18,0,0.12,92,70,23,36
W018,P/N,West,4,26,0,0.15,51,61,34,26
W017,N,East,9,15,1,0.7,103,132,12,50
W020,R/C,West,5,9,0,0.14,37,52,33,21
W021,R/N,West,5,8,0,0.06,60,61,22,27
W012,K/E,West,9,10,0,0.13,87,73,56,38
W001,A,South,10,2,1,0.95,56,187,43,53
W024,T,East,11,22,0,0.05,69,80,60,36
W019,P/S,West,9,16,0,0.03,85,74,17,35
W017,N,East,10,16,1,0.7,126,178,25,65
W005,E,South,6,18,0,0.09,63,94,56,37
W006,F/N,Central,6,21,0,0.09,41,60,24,23
W009,G/S,Central,7,12,0,0.11,28,103,20,28
W004,D,South,12,23,0,0.01,40,87,39,29
W019,P/S,West,7,8,0,0.1,50,102,28,33
W023,S,East,6,7,0,0.09,54,77,28,29
W013,K/W,West,6,27,0,0.08,47,58,49,25
W012,K/E,West,7,10,0,0.01,73,89,16,35
W021,R/N,West,10,13,1,0.85,85,146,24,50
W023,S,East,8,23,1,0.7,140,159,43,66
W004,D,South,12,18,0,0.01,26,43,35,17
W022,R/S,West,3,11,1,0.85,155,137,41,65
W007,F/S,South,7,6,0,0.12,64,88,28,34
W016,M/W,East,3,6,1,0.7,73,156,58,51
W011,H/W,West,10,13,1,0.85,165,112,12,60
W008,G/N,Central,8,6,1,0.9,129,109,51,54
W016,M/W,East,9,7,1,0.7,87,158,54,55
W010,H/E,West,5,28,0,0.12,35,62,33,22
W020,R/C,West,11,11,1,0.85,158,109,26,59
W015,M/E,East,5,5,0,0.01,38,45,21,19
W011,H/W,West,4,25,0,0.03,30,93,40,28
W023,S,East,12,28,0,0.04,75,89,46,38
W004,D,South,6,6,0,0.12,33,62,52,23
W021,R/N,West,10,7,1,0.85,168,189,19,77
W002,B,South,9,20,1,0.95,139,150,13,62
W007,F/S,South,8,6,0,0.12,46,48,17,21
W014,L,East,2,10,0,0.11,53,53,37,25
W006,F/N,Central,5,23,0,0.12,95,56,47,36
W006,F/N,Central,3,18,1,0.9,169,109,37,62
W016,M/W,East,12,8,0,0.04,69,66,51,32
W014,L,East,8,2,1,0.7,67,115,55,42
W003,C,South,4,5,0,0.01,62,55,34,27
W016,M/W,East,2,21,0,0.02,78,74,37,35
W016,M/W,East,9,3,1,0.7,114,159,34,60
W014,L,East,11,16,1,0.7,107,112,16,47
W007,F/S,South,2,18,0,0.11,83,58,21,31
W002,B,South,8,22,1,0.95,85,177,29,56
W014,L,East,12,8,0,0.11,35,51,55,22
W009,G/S,Central,1,21,0,0.0,56,89,41,33
W014,L,East,12,28,0,0.11,80,94,57,41
W007,F/S,South,8,23,1,0.95,110,211,43,70
W018,P/N,West,9,24,0,0.05,61,63,33,28
W018,P/N,West,5,12,0,0.07,32,75,28,24
W015,M/E,East,9,8,1,0.7,75,136,27,46
W008,G/N,Central,5,13,0,0.14,69,54,33,28
W009,G/S,Central,3,1,0,0.08,62,69,22,29
W024,T,East,1,18,0,0.04,46,94,57,33
W016,M/W,East,1,14,0,0.11,69,88,60,37
W015,M/E,East,11,7,1,0.7,54,147,28,43
W001,A,South,6,13,0,0.06,58,53,29,25
W008,G/N,Central,12,28,0,0.06,81,86,32,37
W011,H/W,West,7,9,0,0.13,53,82,60,32
W011,H/W,West,12,17,0,0.02,66,82,23,32
W023,S,East,9,23,1,0.7,153,171,56,72
W008,G/N,Central,9,4,1,0.9,94,189,16,60
W002,B,South,4,27,0,0.11,30,74,50,25
W018,P/N,West,9,3,1,0.85,160,117,39,62
W016,M/W,East,7,28,0,0.04,51,97,23,32
W013,K/W,West,3,10,1,0.85,102,139,60,55
W017,N,East,4,23,0,0.1,62,58,53,29
W004,D,South,6,24,0,0.03,31,52,56,21
W013,K/W,West,5,16,0,0.01,42,57,50,24
W004,D,South,11,28,0,0.12,45,95,17,30
W021,R/N,West,10,26,1,0.85,92,157,53,56
W005,E,South,12,6,0,0.01,32,88,25,26
W019,P/S,West,9,15,1,0.85,80,181,36,56
W014,L,East,2,4,0,0.05,56,53,14,24
W017,N,East,10,8,0,0.15,50,110,59,37
W011,H/W,West,8,6,1,0.85,99,197,58,66
W008,G/N,Central,9,15,1,0.9,102,105,23,45
W024,T,East,2,2,0,0.02,45,45,26,21
W016,M/W,East,9,5,1,0.7,97,87,10,39
W003,C,South,2,17,0,0.06,76,93,12,36
W006,F/N,Central,12,2,0,0.1,46,78,52,29
W017,N,East,8,5,1,0.7,144,114,10,55
W010,H/E,West,1,6,0,0.14,32,60,12,20
W024,T,East,6,25,0,0.15,49,93,44,32
W018,P/N,West,12,2,0,0.09,52,66,43,28
W021,R/N,West,9,24,1,0.85,109,130,12,51
W022,R/S,West,4,22,0,0.11,46,79,25,28
W005,E,South,12,20,0,0.0,32,57,59,23
W020,R/C,West,1,13,0,0.12,75,55,30,30
W024,T,East,7,7,0,0.07,49,68,50,28
W011,H/W,West,9,11,1,0.85,71,160,48,51
W001,A,South,12,7,0,0.03,54,55,45,26
W016,M/W,East,5,27,0,0.07,36,53,15,19
W002,B,South,2,14,0,0.05,31,89,26,26
W017,N,East,3,7,0,0.09,60,67,26,28
W009,G/S,Central,12,3,0,0.04,74,63,20,30
W014,L,East,9,14,1,0.7,97,180,57,62
W004,D,South,7,10,0,0.11,78,80,39,36
W020,R/C,West,3,15,0,0.03,58,58,36,27
W003,C,South,8,24,1,0.95,115,203,20,67
W024,T,East,12,26,0,0.02,85,78,39,37
W008,G/N,Central,7,21,0,0.08,32,61,29,21
W004,D,South,10,4,1,0.95,100,156,30,55
W012,K/E,West,5,24,0,0.08,55,80,20,29
W014,L,East,4,3,0,0.01,55,61,25,26
W009,G/S,Central,1,8,0,0.03,60,48,28,25
W003,C,South,5,26,0,0.12,40,83,40,28
W022,R/S,West,5,12,0,0.14,46,55,58,25
W001,A,South,6,23,0,0.04,62,55,17,26
W024,T,East,2,20,0,0.15,34,104,57,32
W009,G/S,Central,5,3,0,0.0,69,73,48,33
W020,R/C,West,12,5,0,0.08,82,58,37,32
W011,H/W,West,7,19,0,0.03,57,66,29,28
W021,R/N,West,2,12,0,0.12,58,67,60,30
W005,E,South,8,15,1,0.95,103,189,39,63
W005,E,South,10,12,1,0.95,183,109,32,65
W019,P/S,West,7,7,0,0.12,42,68,25,24
W010,H/E,West,6,19,0,0.1,41,58,34,23
W019,P/S,West,6,20,0,0.03,35,76,49,26
W020,R/C,West,4,22,0,0.13,36,88,37,28
W018,P/N,West,11,12,1,0.85,109,174,33,61
W022,R/S,West,10,25,1,0.85,139,88,37,51
W001,A,South,8,3,0,0.02,83,71,19,34
W020,R/C,West,2,3,0,0.02,41,65,30,24
W015,M/E,East,12,17,0,0.08,41,74,55,28
W005,E,South,12,14,0,0.09,82,66,38,34
W015,M/E,East,3,6,1,0.7,108,152,34,57
W008,G/N,Central,7,15,0,0.05,75,52,45,30
W017,N,East,5,25,0,0.0,42,77,36,27
W016,M/W,East,12,20,0,0.05,83,95,45,41
W019,P/S,West,3,3,0,0.01,63,84,56,35
W014,L,East,7,20,0,0.09,28,101,30,28
W010,H/E,West,2,19,0,0.0,53,65,14,25
W019,P/S,West,12,23,0,0.12,76,65,24,31
W002,B,South,3,18,1,0.95,83,193,14,58
W006,F/N,Central,9,23,1,0.9,167,125,40,65
W001,A,South,9,1,1,0.95,132,156,54,64
W006,F/N,Central,2,13,0,0.04,30,87,12,25
W016,M/W,East,11,28,1,0.7,50,108,39,35
W019,P/S,West,7,1,0,0.13,29,72,46,24
W021,R/N,West,8,18,1,0.85,135,181,14,67
W021,R/N,West,6,24,0,0.06,32,72,37,24
W020,R/C,West,6,21,0,0.13,43,91,20,29
W019,P/S,West,9,20,1,0.85,174,178,57,79
W015,M/E,East,8,28,1,0.7,161,89,60,58
W006,F/N,Central,3,27,1,0.9,133,197,51,73
W023,S,East,3,28,1,0.7,62,83,43,33
W018,P/N,West,11,4,0,0.11,46,63,44,26
W006,F/N,Central,8,28,0,0.06,49,68,11,25
W020,R/C,West,1,9,0,0.0,65,66,15,28
W007,F/S,South,2,6,0,0.03,57,78,56,32
W008,G/N,Central,2,16,0,0.01,52,81,12,28
W024,T,East,6,6,0,0.01,64,48,34,26
W003,C,South,10,15,1,0.95,94,198,10,61
W018,P/N,West,11,23,1,0.85,110,193,43,66
W017,N,East,4,25,0,0.1,62,81,19,31
W004,D,South,6,9,0,0.08,71,52,46,29
W009,G/S,Central,7,7,0,0.12,49,102,31,33
W013,K/W,West,11,14,1,0.85,52,133,52,42
W021,R/N,West,8,22,1,0.85,99,187,25,61
W017,N,East,12,4,0,0.13,54,100,17,33
W007,F/S,South,11,6,0,0.03,77,64,34,32
W009,G/S,Central,8,9,1,0.9,85,179,21,56
W002,B,South,11,9,1,0.95,151,102,33,56
W009,G/S,Central,10,12,1,0.9,175,184,31,78
W005,E,South,6,15,0,0.08,41,47,57,22
W021,R/N,West,1,17,0,0.14,33,56,27,20
W008,G/N,Central,4,11,0,0.14,64,58,45,29
W003,C,South,12,5,0,0.07,65,73,24,31
W006,F/N,Central,6,17,0,0.11,72,90,22,35
W022,R/S,West,4,15,0,0.15,67,110,56,41
W016,M/W,East,11,12,1,0.7,55,126,37,40
W024,T,East,7,7,0,0.15,74,103,37,40
W002,B,South,5,15,0,0.06,78,94,34,38
W003,C,South,9,19,1,0.95,172,186,42,79
W004,D,South,10,27,1,0.95,161,202,25,78
W008,G/N,Central,5,16,0,0.0,41,46,56,22
W008,G/N,Central,1,21,0,0.01,38,68,32,24
W002,B,South,5,11,0,0.02,64,94,49,36
W011,H/W,West,11,25,1,0.85,125,197,12,68
W005,E,South,8,17,1,0.95,169,172,45,75
W019,P/S,West,4,26,0,0.03,63,87,26,33
W006,F/N,Central,9,18,1,0.9,109,187,22,63
W024,T,East,7,16,0,0.07,82,80,39,37
W016,M/W,East,9,18,1,0.7,103,144,12,52
W003,C,South,4,12,0,0.04,34,96,29,29
W024,T,East,1,23,0,0.07,52,93,42,33
W012,K/E,West,3,3,1,0.85,105,201,34,66
W003,C,South,8,17,1,0.95,182,178,18,77
W018,P/N,West,4,8,0,0.04,30,44,18,16
W016,M/W,East,2,21,0,0.02,73,79,54,36
W017,N,East,7,2,0,0.02,67,77,53,34
W005,E,South,4,20,0,0.15,64,62,59,31
W018,P/N,West,5,1,0,0.11,85,91,14,38
W010,H/E,West,9,1,1,0.85,172,111,20,62
W010,H/E,West,11,26,1,0.85,75,175,60,56
W001,A,South,12,14,0,0.01,38,88,18,27
W012,K/E,West,10,3,1,0.85,108,93,45,46
W007,F/S,South,6,27,0,0.11,34,80,48,27
W019,P/S,West,3,3,0,0.03,63,67,44,30
W024,T,East,1,15,0,0.02,37,42,42,19
W009,G/S,Central,5,25,0,0.01,66,45,39,26
W007,F/S,South,1,15,0,0.12,52,87,41,32
W018,P/N,West,10,23,1,0.85,128,147,42,61
W013,K/W,West,11,11,1,0.85,169,195,19,78
W023,S,East,3,20,1,0.7,106,172,31,60
W019,P/S,West,6,5,0,0.01,64,47,47,27
W023,S,East,10,8,0,0.09,45,48,16,20
W023,S,East,2,23,0,0.1,76,103,23,39
W008,G/N,Central,8,2,1,0.9,157,118,26,60
W016,M/W,East,10,7,1,0.7,53,165,45,48
W011,H/W,West,8,21,1,0.85,111,162,22,59
W021,R/N,West,4,5,0,0.1,90,61,54,36
W004,D,South,1,2,0,0.01,63,54,28,27
W015,M/E,East,2,17,0,0.13,69,104,54,40
W003,C,South,5,25,0,0.07,50,91,27,31
W005,E,South,4,26,0,0.03,47,92,30,31
W016,M/W,East,2,21,0,0.13,65,79,34,32
W005,E,South,5,26,0,0.12,83,77,46,37
W014,L,East,1,2,0,0.01,86,91,28,39
W024,T,East,3,11,1,0.7,103,119,38,49
W018,P/N,West,7,25,0,0.13,30,94,24,27
W013,K/W,West,9,18,1,0.85,89,112,24,44
W001,A,South,3,14,1,0.95,81,125,36,45
W023,S,East,11,21,1,0.7,82,114,43,44
W001,A,South,4,18,0,0.1,90,91,12,39
W021,R/N,West,10,16,0,0.12,53,62,35,26
W017,N,East,8,10,1,0.7,100,159,39,57
W017,N,East,2,11,0,0.14,83,105,23,41
W009,G/S,Central,11,7,1,0.9,158,117,16,60
W005,E,South,7,4,0,0.14,47,86,10,28
W023,S,East,12,14,0,0.11,58,103,50,37
W019,P/S,West,9,23,1,0.85,64,198,14,55
W011,H/W,West,11,20,1,0.85,80,173,44,55
W016,M/W,East,12,10,0,0.09,48,72,43,28
W020,R/C,West,2,17,0,0.06,46,55,57,25
W005,E,South,6,19,0,0.04,87,71,20,35
W021,R/N,West,2,4,0,0.1,60,66,15,27
W004,D,South,1,12,0,0.14,52,50,47,25
W001,A,South,10,22,0,0.1,48,69,17,25
W013,K/W,West,5,23,0,0.09,92,66,51,37
W006,F/N,Central,11,16,1,0.9,173,171,39,76
W012,K/E,West,2,26,0,0.11,30,50,23,18
W019,P/S,West,4,7,0,0.11,65,70,20,30
W001,A,South,8,3,1,0.95,158,196,38,77
W022,R/S,West,5,12,0,0.02,68,70,27,31
W024,T,East,11,19,1,0.7,106,164,27,58
W006,F/N,Central,7,26,0,0.13,61,73,48,31
W001,A,South,12,28,0,0.13,46,103,54,35
W022,R/S,West,2,1,0,0.04,33,62,37,22
W023,S,East,7,8,0,0.07,56,53,17,24
W016,M/W,East,4,21,0,0.13,80,103,29,40
W023,S,East,3,21,1,0.7,110,125,45,53
W014,L,East,12,12,0,0.14,37,100,45,31
W005,E,South,7,5,0,0.1,51,89,28,31
W011,H/W,West,6,24,0,0.07,59,59,10,25
W001,A,South,9,10,0,0.07,90,69,18,35
W005,E,South,11,24,1,0.95,98,100,58,46
W005,E,South,1,26,0,0.09,56,80,55,32
W008,G/N,Central,1,13,0,0.14,48,101,54,35
W012,K/E,West,6,27,0,0.04,27,46,51,19
W018,P/N,West,12,22,0,0.03,51,60,43,26
W022,R/S,West,6,24,0,0.1,60,84,48,33
W017,N,East,12,27,0,0.0,73,50,16,27
W023,S,East,10,10,1,0.7,140,86,29,50
W020,R/C,West,9,3,0,0.08,61,62,55,30
W006,F/N,Central,7,27,0,0.01,50,53,22,23
W022,R/S,West,2,25,0,0.06,30,79,38,25
W017,N,East,10,12,1,0.7,49,119,21,36
W018,P/N,West,11,4,0,0.0,47,85,24,29
W001,A,South,3,4,1,0.95,181,130,33,69
W021,R/N,West,4,9,0,0.01,76,53,10,28
W006,F/N,Central,12,13,0,0.08,47,44,53,23
W011,H/W,West,4,11,0,0.07,71,89,47,37
W021,R/N,West,10,22,1,0.85,93,154,30,53
W023,S,East,10,26,1,0.7,153,151,26,66
W007,F/S,South,2,16,0,0.11,57,79,50,32
W013,K/W,West,4,2,0,0.13,97,61,41,37
W020,R/C,West,4,9,0,0.05,62,50,23,25
W010,H/E,West,8,19,0,0.09,46,50,48,23
W017,N,East,9,3,1,0.7,152,122,35,61
W020,R/C,West,8,1,1,0.85,121,93,52,49
W001,A,South,8,22,1,0.95,89,203,52,64
W005,E,South,4,11,0,0.01,56,75,27,29
W018,P/N,West,9,5,1,0.85,119,174,34,64
W001,A,South,11,14,1,0.95,169,171,39,75
W005,E,South,1,15,0,0.07,30,48,15,17
W011,H/W,West,1,10,0,0.11,93,58,58,36
W004,D,South,10,7,1,0.95,80,185,50,58
W005,E,South,6,1,0,0.02,39,65,23,23
W006,F/N,Central,2,18,0,0.06,40,67,37,25
W023,S,East,3,24,0,0.07,61,84,37,33
W009,G/S,Central,9,26,1,0.9,136,93,58,53
W015,M/E,East,11,15,1,0.7,119,163,24,61
W013,K/W,West,9,17,0,0.08,42,96,59,33
W015,M/E,East,7,28,0,0.12,50,64,26,26
W007,F/S,South,11,12,1,0.95,174,132,35,68
W024,T,East,11,28,0,0.02,83,92,59,41
W001,A,South,9,11,1,0.95,112,150,25,57
W003,C,South,6,24,0,0.0,37,55,48,22
W006,F/N,Central,8,8,1,0.9,147,181,26,71
W003,C,South,9,28,1,0.95,166,171,23,73
W005,E,South,10,12,1,0.95,180,117,17,65
W006,F/N,Central,4,19,0,0.03,73,82,45,36
W011,H/W,West,3,9,1,0.85,112,155,30,58
W018,P/N,West,2,15,0,0.05,48,96,21,31
W019,P/S,West,11,18,0,0.04,41,65,57,26
W020,R/C,West,8,28,1,0.85,55,164,42,48
W017,N,East,11,8,1,0.7,157,178,52,74
W007,F/S,South,2,6,0,0.1,64,96,14,34
W001,A,South,2,28,0,0.11,53,71,14,27
W013,K/W,West,6,3,0,0.15,67,81,58,35
W011,H/W,West,1,15,0,0.15,97,60,16,35
W003,C,South,7,8,0,0.06,41,89,23,28
W013,K/W,West,9,17,1,0.85,170,158,51,73
W017,N,East,8,11,0,0.13,47,77,46,29
W004,D,South,5,23,0,0.14,94,100,24,42
W008,G/N,Central,12,22,0,0.06,80,80,16,35
W013,K/W,West,4,26,0,0.14,39,69,54,26
W020,R/C,West,3,4,1,0.85,63,115,59,41
W007,F/S,South,3,12,0,0.13,67,49,39,27
W011,H/W,West,7,4,0,0.08,67,62,39,30
W003,C,South,11,5,0,0.03,36,81,14,25
W008,G/N,Central,9,10,1,0.9,72,165,55,53
W016,M/W,East,4,26,0,0.04,37,73,18,24
W009,G/S,Central,10,18,1,0.9,112,120,29,51
W016,M/W,East,1,8,0,0.09,73,46,13,26
W004,D,South,9,21,1,0.95,81,142,34,49
W010,H/E,West,10,18,1,0.85,158,100,42,58
W023,S,East,1,9,0,0.11,83,59,26,32
W009,G/S,Central,8,10,0,0.04,44,88,56,31
W016,M/W,East,8,22,0,0.12,54,67,27,27
W017,N,East,5,16,0,0.03,46,50,36,23
W009,G/S,Central,4,24,0,0.05,55,56,41,26
W004,D,South,6,23,0,0.09,86,62,29,33
W005,E,South,10,4,1,0.95,100,205,55,67
W024,T,East,1,19,0,0.07,87,76,21,36
W009,G/S,Central,8,19,1,0.9,58,147,35,45
W004,D,South,10,13,0,0.12,47,93,24,30
W010,H/E,West,5,26,0,0.14,58,88,14,31
W005,E,South,1,16,0,0.05,62,85,13,31
W010,H/E,West,5,19,0,0.12,66,85,12,32
W001,A,South,5,20,0,0.07,82,62,20,32
W014,L,East,6,27,0,0.02,75,48,54,30
W007,F/S,South,9,4,1,0.95,141,112,48,57
W002,B,South,1,7,0,0.05,64,72,27,30
W009,G/S,Central,2,17,0,0.01,80,65,30,33
W002,B,South,3,17,0,0.15,54,84,41,32
W006,F/N,Central,12,17,0,0.08,77,93,26,37
W024,T,East,12,25,0,0.03,67,62,53,31
W013,K/W,West,12,1,0,0.14,75,85,53,37
W001,A,South,8,7,1,0.95,163,202,27,79
W016,M/W,East,10,10,0,0.09,76,50,54,31
W013,K/W,West,7,25,0,0.01,46,49,32,22
W015,M/E,East,1,8,0,0.13,29,49,35,18
W017,N,East,11,10,1,0.7,110,95,28,45
W021,R/N,West,9,26,1,0.85,121,99,21,48
W007,F/S,South,5,23,0,0.04,68,60,41,30
W015,M/E,East,4,8,0,0.09,30,96,45,29
W001,A,South,7,12,0,0.01,43,83,10,27
W004,D,South,12,1,0,0.13,95,76,50,40
W007,F/S,South,6,8,0,0.1,44,55,17,22
W006,F/N,Central,1,21,0,0.03,71,78,44,34
W011,H/W,West,4,11,0,0.04,47,83,17,28
W003,C,South,3,8,0,0.05,87,68,16,34
W005,E,South,8,17,1,0.95,125,210,26,72
W021,R/N,West,11,16,1,0.85,76,146,39,49
W014,L,East,12,3,0,0.08,93,61,57,37
W024,T,East,5,10,0,0.04,61,73,55,32
W004,D,South,8,28,1,0.95,96,184,35,61
W012,K/E,West,8,8,1,0.85,177,116,60,67
W004,D,South,5,19,0,0.06,85,68,20,34
W005,E,South,11,1,1,0.95,105,97,36,45
W013,K/W,West,2,27,0,0.07,53,85,40,31
W019,P/S,West,8,10,1,0.85,176,103,50,63
W007,F/S,South,11,19,1,0.95,177,184,48,80
W021,R/N,West,1,8,0,0.09,39,65,39,24
W016,M/W,East,2,24,0,0.13,57,65,41,28
W008,G/N,Central,3,1,1,0.9,126,109,43,53
W011,H/W,West,7,25,0,0.11,48,66,58,28
W010,H/E,West,9,4,1,0.85,125,137,45,58
W012,K/E,West,5,28,0,0.01,73,49,23,27
W015,M/E,East,12,6,0,0.0,58,40,38,23
W019,P/S,West,2,25,0,0.07,86,54,49,33
W009,G/S,Central,8,9,0,0.08,40,85,24,27
W018,P/N,West,7,24,0,0.04,51,60,29,25
W002,B,South,9,13,1,0.95,178,212,12,83
W023,S,East,4,11,0,0.13,39,57,22,21
W004,D,South,10,28,1,0.95,141,204,39,75
W008,G/N,Central,9,25,1,0.9,110,182,32,63
W023,S,East,8,12,0,0.0,77,56,52,32
W003,C,South,5,4,0,0.05,78,76,12,33
W003,C,South,8,25,1,0.95,166,144,20,67
W017,N,East,4,17,0,0.05,77,45,14,27
W009,G/S,Central,8,10,0,0.02,41,59,41,24
W005,E,South,7,25,0,0.1,92,64,53,37
W015,M/E,East,4,10,0,0.05,80,97,19,38
W010,H/E,West,5,7,0,0.04,65,59,34,28
W003,C,South,7,12,0,0.14,44,50,44,23
W008,G/N,Central,11,19,1,0.9,124,159,29,61
W019,P/S,West,5,16,0,0.05,42,93,45,31
W003,C,South,5,23,0,0.05,68,95,26,36
W023,S,East,4,18,0,0.12,83,99,20,39
W021,R/N,West,7,20,0,0.08,49,93,45,33
W022,R/S,West,3,1,0,0.02,60,46,24,24
W013,K/W,West,2,3,0,0.04,82,49,60,32
W004,D,South,7,22,0,0.02,60,79,20,30
W015,M/E,East,8,26,0,0.1,38,58,27,22
W007,F/S,South,12,5,0,0.05,61,78,18,30
W022,R/S,West,9,17,1,0.85,115,113,36,51
W015,M/E,East,6,10,0,0.13,51,84,52,32
W003,C,South,11,1,1,0.95,137,125,16,57
W002,B,South,12,9,0,0.09,77,48,13,27
W019,P/S,West,6,26,0,0.08,85,47,29,30
W005,E,South,11,25,1,0.95,168,147,16,68
W019,P/S,West,4,24,0,0.01,57,77,22,29
W013,K/W,West,9,19,1,0.85,125,99,56,52
W017,N,East,12,19,0,0.11,53,56,36,25
W003,C,South,8,2,1,0.95,149,132,40,62
W021,R/N,West,6,5,0,0.03,70,63,24,30
W012,K/E,West,7,17,0,0.06,76,56,14,29
W006,F/N,Central,2,21,0,0.13,91,59,60,36
W019,P/S,West,4,18,0,0.13,39,92,59,31
W021,R/N,West,4,15,0,0.03,29,95,16,26
W017,N,East,1,4,0,0.08,76,49,26,28
W021,R/N,West,9,6,1,0.85,116,186,17,64
W021,R/N,West,9,9,1,0.85,101,90,40,43
W018,P/N,West,2,25,0,0.07,30,79,13,23
W001,A,South,9,18,1,0.95,179,141,58,72
W022,R/S,West,8,19,1,0.85,156,157,21,68
W019,P/S,West,11,19,1,0.85,60,90,47,35
W016,M/W,East,9,22,0,0.05,43,53,37,23
W012,K/E,West,11,25,1,0.85,108,137,16,52
W016,M/W,East,6,14,0,0.13,68,99,15,36
W005,E,South,6,2,0,0.09,37,73,34,25
W018,P/N,West,12,27,0,0.13,89,92,11,39
W007,F/S,South,6,22,0,0.06,74,80,19,34
W011,H/W,West,3,8,1,0.85,142,197,27,73
W018,P/N,West,9,7,0,0.02,82,56,56,33
W008,G/N,Central,8,28,1,0.9,90,175,19,56
W002,B,South,2,24,0,0.04,79,70,56,35
W010,H/E,West,3,3,1,0.85,93,126,24,47
W022,R/S,West,12,22,0,0.03,49,63,52,27
W017,N,East,10,23,1,0.7,86,116,27,44
W013,K/W,West,12,7,0,0.07,60,55,54,28
W003,C,South,5,6,0,0.01,54,49,58,26
W007,F/S,South,6,27,0,0.07,40,71,42,26
W020,R/C,West,7,8,0,0.12,40,89,47,30
W023,S,East,7,3,0,0.11,76,79,37,35
W022,R/S,West,12,28,0,0.01,45,87,50,31
W018,P/N,West,1,14,0,0.01,35,81,19,25
W011,H/W,West,6,14,0,0.1,48,94,29,31
W015,M/E,East,6,11,0,0.02,51,90,52,33
W019,P/S,West,11,27,1,0.85,76,141,51,49
W008,G/N,Central,3,18,1,0.9,60,193,14,53
W016,M/W,East,6,1,0,0.13,58,52,30,25
W002,B,South,7,18,0,0.07,45,96,16,30
W005,E,South,9,2,1,0.95,71,189,24,55
W014,L,East,6,28,0,0.02,79,49,35,30
W018,P/N,West,10,19,1,0.85,146,160,14,65
W024,T,East,3,20,0,0.06,41,51,18,20
W015,M/E,East,2,28,0,0.05,57,54,21,25
W022,R/S,West,4,22,0,0.14,87,90,56,41
W008,G/N,Central,4,27,0,0.09,61,97,34,35
W007,F/S,South,9,8,1,0.95,83,178,26,56
W024,T,East,7,27,0,0.04,64,55,21,26
W017,N,East,3,3,1,0.7,119,180,28,64
W019,P/S,West,7,25,0,0.0,49,89,40,31
W012,K/E,West,5,27,0,0.04,70,92,23,35
W013,K/W,West,10,12,1,0.85,128,166,31,64
W012,K/E,West,12,25,0,0.07,30,65,49,23
W010,H/E,West,7,5,0,0.03,56,86,32,32
W003,C,South,3,11,0,0.1,88,78,35,38
W005,E,South,7,7,0,0.06,74,89,23,36
W006,F/N,Central,12,12,0,0.09,46,95,20,30
W018,P/N,West,3,14,1,0.85,157,100,11,56
W008,G/N,Central,2,7,0,0.04,44,89,32,30
W008,G/N,Central,7,12,0,0.01,77,80,16,34
W016,M/W,East,6,25,0,0.13,91,53,23,32
W008,G/N,Central,8,20,1,0.9,147,185,49,73
W008,G/N,Central,5,23,0,0.03,48,70,25,26
W019,P/S,West,10,7,1,0.85,130,166,32,64
W018,P/N,West,11,2,1,0.85,88,103,24,42
W007,F/S,South,4,9,0,0.07,27,99,34,28
W002,B,South,9,7,1,0.95,95,213,55,68
W019,P/S,West,9,22,1,0.85,54,142,32,42
W003,C,South,7,20,0,0.08,89,83,38,39
W006,F/N,Central,11,3,1,0.9,128,139,12,57
W010,H/E,West,3,1,1,0.85,111,105,57,50
W008,G/N,Central,6,28,0,0.12,90,102,47,44
W016,M/W,East,12,26,0,0.06,49,59,58,27
W007,F/S,South,12,5,0,0.04,65,80,30,32
W007,F/S,South,7,19,0,0.03,56,45,51,25
W021,R/N,West,4,12,0,0.1,47,103,24,32
W017,N,East,9,19,1,0.7,117,160,23,60
W024,T,East,11,4,1,0.7,149,88,14,52
W009,G/S,Central,2,15,0,0.06,63,66,32,29
W018,P/N,West,11,6,0,0.07,60,89,17,32
W023,S,East,2,19,0,0.12,79,73,34,34
W013,K/W,West,4,10,0,0.05,29,74,12,22
W018,P/N,West,3,1,1,0.85,77,169,39,54
W002,B,South,12,6,0,0.02,43,67,54,27
W005,E,South,4,27,0,0.05,67,89,43,36
W016,M/W,East,6,22,0,0.07,80,51,54,32
W023,S,East,12,21,0,0.12,50,49,40,24
W007,F/S,South,4,4,0,0.05,52,73,17,27
W002,B,South,1,24,0,0.12,38,85,21,27
W014,L,East,1,11,0,0.11,90,50,26,32
W009,G/S,Central,6,3,0,0.09,86,60,57,35
W023,S,East,9,21,1,0.7,130,105,56,54
W012,K/E,West,5,9,0,0.04,78,47,27,28
W010,H/E,West,4,9,0,0.07,37,54,60,23
W012,K/E,West,3,5,1,0.85,135,148,36,62
W016,M/W,East,1,26,0,0.09,69,51,27,27
W008,G/N,Central,4,10,0,0.04,46,65,32,25
W015,M/E,East,1,21,0,0.08,59,76,53,32
W024,T,East,11,14,1,0.7,152,120,55,62
W001,A,South,5,7,0,0.01,29,72,20,22
W022,R/S,West,12,11,0,0.07,70,58,57,31
W012,K/E,West,5,27,0,0.12,81,87,48,39
W010,H/E,West,1,3,0,0.14,98,92,19,41
W017,N,East,9,27,1,0.7,154,99,29,56
W022,R/S,West,6,22,0,0.04,32,79,13,23
W005,E,South,2,16,0,0.01,72,46,39,28
W004,D,South,9,5,1,0.95,109,173,19,60
W016,M/W,East,3,10,1,0.7,153,146,52,67
W024,T,East,1,19,0,0.09,59,96,26,34
W013,K/W,West,7,9,0,0.03,32,53,15,18
W010,H/E,West,2,2,0,0.07,32,61,44,22
W024,T,East,3,17,1,0.7,127,148,41,61
W018,P/N,West,5,28,0,0.08,37,63,54,24
W007,F/S,South,6,11,0,0.13,60,60,35,28
W001,A,South,11,24,1,0.95,60,173,58,52
W022,R/S,West,8,3,1,0.85,83,181,27,56
W023,S,East,5,10,0,0.01,67,92,33,35
W008,G/N,Central,12,4,0,0.14,71,77,49,35
W011,H/W,West,4,25,0,0.06,90,84,14,38
W024,T,East,1,23,0,0.13,44,48,16,20
W005,E,South,6,14,0,0.12,31,86,19,25
W006,F/N,Central,11,13,1,0.9,160,128,44,64
W005,E,South,3,16,1,0.95,132,156,57,65
W017,N,East,4,21,0,0.14,32,106,39,31
W005,E,South,9,18,0,0.13,47,102,59,35
W010,H/E,West,9,27,1,0.85,80,104,25,40
W010,H/E,West,7,3,0,0.06,60,57,39,27
W014,L,East,10,5,1,0.7,64,172,55,52
W017,N,East,2,19,0,0.13,92,100,24,42
W024,T,East,12,21,0,0.0,33,49,34,19
W009,G/S,Central,1,5,0,0.04,30,57,49,21
W014,L,East,11,3,0,0.01,58,82,47,32
W015,M/E,East,12,19,0,0.1,51,84,32,30
W024,T,East,7,24,0,0.09,94,80,36,39
W018,P/N,West,12,21,0,0.15,100,61,49,38
W006,F/N,Central,12,2,0,0.14,33,83,52,27
W009,G/S,Central,3,18,0,0.13,80,72,46,35
W012,K/E,West,4,16,0,0.1,83,64,50,35
W009,G/S,Central,9,7,1,0.9,93,202,23,63
W021,R/N,West,4,6,0,0.1,56,49,57,26
W013,K/W,West,6,12,0,0.08,41,59,39,23
W007,F/S,South,11,24,1,0.95,86,193,22,59
W017,N,East,2,14,0,0.1,53,75,25,28
W004,D,South,10,17,1,0.95,102,149,40,55
W018,P/N,West,1,27,0,0.04,66,94,46,37
W020,R/C,West,6,24,0,0.1,53,83,59,32
W022,R/S,West,3,6,1,0.85,145,101,26,54
W024,T,East,1,19,0,0.02,26,72,23,21
W021,R/N,West,4,13,0,0.12,85,103,23,41
W010,H/E,West,1,10,0,0.1,77,65,32,32
W001,A,South,9,25,1,0.95,59,172,24,49
W004,D,South,5,8,0,0.12,42,55,18,21
W016,M/W,East,3,3,1,0.7,132,134,32,58
W014,L,East,12,26,0,0.02,78,88,34,37
W021,R/N,West,5,14,0,0.15,60,64,24,28
W023,S,East,6,3,0,0.08,88,92,26,40
W010,H/E,West,4,25,0,0.08,58,82,15,30
W012,K/E,West,12,19,0,0.11,91,58,53,36
W023,S,East,12,5,0,0.15,37,85,10,26
W002,B,South,10,24,1,0.95,161,185,43,76
W014,L,East,5,18,0,0.13,84,57,28,32
W024,T,East,7,20,0,0.06,45,97,57,33
W023,S,East,1,5,0,0.14,94,57,60,37
W021,R/N,West,4,17,0,0.09,56,89,26,32
W005,E,South,2,4,0,0.1,50,63,46,27
W022,R/S,West,6,5,0,0.02,30,59,32,20
W003,C,South,6,16,0,0.13,56,93,50,34
W002,B,South,1,18,0,0.09,92,80,25,38
W020,R/C,West,2,5,0,0.12,77,81,42,36
W021,R/N,West,12,19,0,0.14,87,84,46,39
W022,R/S,West,10,24,1,0.85,97,144,33,53
W004,D,South,3,27,1,0.95,124,182,23,66
W011,H/W,West,10,26,1,0.85,151,131,45,63
W012,K/E,West,7,21,0,0.06,36,78,57,27
W007,F/S,South,12,26,0,0.12,60,59,15,26
W014,L,East,6,3,0,0.06,68,50,39,28
W004,D,South,1,28,0,0.06,80,96,40,40
W003,C,South,6,16,0,0.13,69,48,58,29
W018,P/N,West,3,12,0,0.01,69,67,34,31
W016,M/W,East,9,1,0,0.0,36,61,44,23
W009,G/S,Central,3,27,0,0.04,48,80,40,29
W023,S,East,8,20,1,0.7,69,139,60,47
W006,F/N,Central,9,13,1,0.9,110,199,37,67
W003,C,South,5,22,0,0.06,40,72,32,25
W013,K/W,West,5,20,0,0.02,75,72,35,33
W001,A,South,10,24,0,0.1,31,93,54,29
W010,H/E,West,1,12,0,0.04,82,49,34,30
W006,F/N,Central,7,25,0,0.12,70,50,30,28
W005,E,South,1,20,0,0.01,67,88,52,36
W009,G/S,Central,8,11,1,0.9,64,196,50,57
W012,K/E,West,12,18,0,0.06,52,85,38,31
W015,M/E,East,6,21,0,0.14,63,80,41,33
W015,M/E,East,2,20,0,0.07,83,77,43,37
W009,G/S,Central,4,20,0,0.1,59,75,48,31
W016,M/W,East,8,2,1,0.7,139,127,43,59
W007,F/S,South,5,25,0,0.09,54,52,39,25
W017,N,East,8,17,1,0.7,54,132,18,39
W013,K/W,West,10,15,1,0.85,52,130,52,41
W016,M/W,East,12,9,0,0.02,34,56,44,22
W020,R/C,West,10,5,1,0.85,99,174,17,58
W023,S,East,12,15,0,0.05,55,89,10,30
W010,H/E,West,5,16,0,0.1,52,94,16,31
W015,M/E,East,8,21,1,0.7,151,141,48,65
W019,P/S,West,4,25,0,0.03,41,91,13,28
W013,K/W,West,5,22,0,0.1,53,74,35,29
W008,G/N,Central,4,4,0,0.08,42,90,52,31
W022,R/S,West,5,13,0,0.05,48,56,40,25
W011,H/W,West,5,22,0,0.06,43,55,32,23
W007,F/S,South,9,12,1,0.95,135,100,18,51
W022,R/S,West,4,28,0,0.1,94,55,21,33
W021,R/N,West,11,9,0,0.01,27,68,22,21
W020,R/C,West,7,5,0,0.04,36,91,11,27
W001,A,South,2,16,0,0.03,84,93,53,41
W015,M/E,East,3,27,1,0.7,61,149,45,46
W017,N,East,7,9,0,0.04,65,77,28,32
W003,C,South,10,27,0,0.05,65,79,12,31
W005,E,South,11,24,0,0.13,94,99,29,43
W007,F/S,South,10,28,1,0.95,72,124,25,42
W002,B,South,6,3,0,0.14,43,73,33,26
W002,B,South,8,12,1,0.95,102,130,12,49
W001,A,South,5,16,0,0.09,59,70,19,28
W017,N,East,11,25,0,0.12,41,72,21,25
W004,D,South,8,20,1,0.95,184,169,48,78
W016,M/W,East,2,9,0,0.01,56,54,19,24
W005,E,South,2,4,0,0.12,84,53,26,31
W006,F/N,Central,2,15,0,0.03,53,68,19,26
W017,N,East,2,20,0,0.12,90,106,54,45
W009,G/S,Central,3,10,1,0.9,147,198,21,74
W009,G/S,Central,8,28,0,0.07,78,54,43,31
W006,F/N,Central,5,9,0,0.08,43,92,52,31
W021,R/N,West,12,19,0,0.1,38,60,17,21
W018,P/N,West,4,3,0,0.01,77,59,45,32
W006,F/N,Central,10,23,1,0.9,73,186,53,57
W018,P/N,West,4,15,0,0.03,76,52,20,29
W008,G/N,Central,12,16,0,0.0,72,75,25,33
W014,L,East,12,27,0,0.01,49,43,59,24
W007,F/S,South,5,1,0,0.01,53,54,44,26
W011,H/W,West,4,22,0,0.13,48,68,24,26
W009,G/S,Central,3,7,1,0.9,58,98,17,33
W014,L,East,9,26,1,0.7,134,181,59,70
W007,F/S,South,12,18,0,0.11,36,77,31,25
W012,K/E,West,11,20,1,0.85,57,177,17,49
W022,R/S,West,7,15,0,0.08,68,55,52,30
W007,F/S,South,5,10,0,0.11,42,102,27,31
W022,R/S,West,11,22,0,0.13,70,55,50,30
W010,H/E,West,6,10,0,0.02,59,82,55,33
W016,M/W,East,4,19,0,0.07,73,65,49,33
W012,K/E,West,6,21,0,0.12,57,64,58,29
W013,K/W,West,1,20,0,0.01,69,67,31,31
W018,P/N,West,12,28,0,0.06,57,64,47,29
W010,H/E,West,5,28,0,0.11,53,66,50,28
W014,L,East,10,11,1,0.7,83,173,46,56
W015,M/E,East,10,4,0,0.07,81,79,32,36
W007,F/S,South,4,3,0,0.14,66,67,15,29
W017,N,East,7,1,0,0.07,81,98,50,41
W023,S,East,12,19,0,0.02,72,56,27,29
W016,M/W,East,11,24,1,0.7,101,109,40,47
W007,F/S,South,7,23,0,0.12,84,78,14,35
W018,P/N,West,2,11,0,0.12,58,48,51,26
W010,H/E,West,9,13,1,0.85,106,169,39,60
W001,A,South,12,19,0,0.14,35,101,38,30
W010,H/E,West,7,28,0,0.05,57,55,47,27
W010,H/E,West,4,26,0,0.14,48,75,38,28
W021,R/N,West,1,10,0,0.11,86,103,41,43
W001,A,South,10,21,1,0.95,107,156,23,57
W023,S,East,12,14,0,0.15,81,94,23,38
W010,H/E,West,6,4,0,0.03,46,58,16,23
W007,F/S,South,2,11,0,0.01,42,92,38,30
W008,G/N,Central,1,18,0,0.04,34,56,33,21
W024,T,East,4,23,0,0.14,95,65,38,37
W017,N,East,12,15,0,0.08,84,75,47,37
W009,G/S,Central,5,6,0,0.05,55,56,12,24
W018,P/N,West,4,27,0,0.12,89,54,29,33
W003,C,South,11,17,1,0.95,188,157,56,77
W015,M/E,East,4,14,0,0.05,69,69,22,30
W013,K/W,West,9,22,1,0.85,101,163,60,59
W003,C,South,9,17,1,0.95,165,197,42,79
W021,R/N,West,3,23,1,0.85,81,102,33,41
W008,G/N,Central,11,13,1,0.9,148,99,48,56
W024,T,East,2,15,0,0.08,83,90,14,37
W020,R/C,West,2,12,0,0.03,64,67,49,31
W002,B,South,5,8,0,0.11,93,60,51,36
W010,H/E,West,7,14,0,0.05,81,78,22,35
W004,D,South,10,12,1,0.95,165,100,34,59
W005,E,South,2,26,0,0.02,40,68,40,25
W018,P/N,West,5,22,0,0.0,83,60,54,34
W006,F/N,Central,7,27,0,0.1,88,49,30,31
W001,A,South,8,16,0,0.1,56,60,26,26
W023,S,East,12,27,0,0.15,94,108,53,46
W009,G/S,Central,12,23,0,0.12,45,73,29,26
W006,F/N,Central,2,1,0,0.04,79,80,19,35
W005,E,South,6,19,0,0.04,67,73,26,31
W018,P/N,West,3,9,1,0.85,136,107,35,54
W024,T,East,12,17,0,0.09,78,67,34,33
W005,E,South,10,24,0,0.04,79,46,25,28
W012,K/E,West,2,6,0,0.02,46,68,23,25
W015,M/E,East,12,2,0,0.12,56,81,46,32
W005,E,South,10,2,1,0.95,65,181,55,54
W023,S,East,12,13,0,0.12,37,93,58,31
W006,F/N,Central,8,23,0,0.12,76,65,18,31
W006,F/N,Central,3,22,1,0.9,97,157,30,55
W024,T,East,3,15,1,0.7,74,147,14,47
W020,R/C,West,6,1,0,0.12,67,92,14,34
W011,H/W,West,5,24,0,0.09,40,68,27,24
W013,K/W,West,4,20,0,0.04,27,61,58,22
W023,S,East,10,11,1,0.7,55,173,24,48
W014,L,East,3,10,0,0.12,96,92,16,41
W023,S,East,2,6,0,0.09,91,45,41,32
W015,M/E,East,8,21,0,0.12,29,80,20,24
W015,M/E,East,4,18,0,0.11,73,58,53,32
W015,M/E,East,1,11,0,0.0,38,60,27,22
W022,R/S,West,7,9,0,0.11,42,86,24,28
W020,R/C,West,6,5,0,0.08,55,83,33,31
W021,R/N,West,11,18,1,0.85,70,88,42,36
W024,T,East,3,9,1,0.7,139,155,11,63
W014,L,East,5,20,0,0.11,46,85,28,29
W007,F/S,South,7,8,0,0.03,61,45,23,24
W016,M/W,East,10,8,1,0.7,69,120,53,43
W018,P/N,West,9,23,0,0.02,81,49,55,32
W002,B,South,11,26,1,0.95,173,186,27,78
W003,C,South,3,8,1,0.95,89,117,32,45
W003,C,South,8,19,0,0.08,89,60,29,34
W024,T,East,5,14,0,0.12,66,55,57,30
W001,A,South,2,7,0,0.14,48,102,27,33
W019,P/S,West,3,6,1,0.85,67,122,60,43
W020,R/C,West,2,19,0,0.08,79,87,10,35
W014,L,East,3,27,1,0.7,47,170,15,45
W006,F/N,Central,4,10,0,0.11,92,92,20,40
W014,L,East,4,24,0,0.11,91,71,59,39
W023,S,East,2,9,0,0.02,33,44,47,19
W006,F/N,Central,7,19,0,0.06,52,45,36,23
W015,M/E,East,8,17,1,0.7,147,135,43,63
W009,G/S,Central,10,11,0,0.1,76,48,33,29
W011,H/W,West,2,27,0,0.13,57,94,50,35
W012,K/E,West,4,7,0,0.05,78,82,37,36
W013,K/W,West,4,21,0,0.09,83,95,37,40
W005,E,South,6,27,0,0.09,73,92,12,35
W002,B,South,8,6,1,0.95,132,202,30,72
W016,M/W,East,7,26,0,0.09,36,70,12,23
